{"type":"FeatureCollection","features":[{"type":"Feature","geometry":{"type":"MultiLineString","coordinates":[[[103.86766,1.27475],[103.86545,1.27315],[103.86427,1.2723],[103.86411,1.27218],[103.86295,1.27134],[103.86196,1.27063]],[[103.86196,1.27063],[103.86186,1.27057],[103.86174,1.2705],[103.86158,1.27043],[103.86134,1.27034],[103.86118,1.27029],[103.86102,1.27025],[103.86068,1.2702],[103.86046,1.27019],[103.86021,1.2702],[103.85995,1.27023],[103.85981,1.27026],[103.85968,1.2703],[103.85955,1.27033],[103.85941,1.27038],[103.85925,1.27045],[103.85908,1.27053],[103.85891,1.27063],[103.85873,1.27075],[103.85836,1.27105],[103.8563,1.27277],[103.8561,1.27295],[103.85594,1.27309],[103.85579,1.27324],[103.85558,1.27348],[103.85538,1.27373],[103.85525,1.27393],[103.85512,1.27413],[103.85498,1.27441],[103.85485,1.27473],[103.85473,1.27504],[103.85463,1.27544],[103.85459,1.27567],[103.85428,1.27746],[103.85425,1.27762],[103.8542,1.27778],[103.85415,1.27794],[103.8541,1.2781],[103.85403,1.27828],[103.85395,1.27846],[103.85384,1.27871],[103.85372,1.27895],[103.85313,1.2799],[103.85256,1.28082],[103.85204,1.28166],[103.8518,1.28206],[103.85175,1.28216],[103.8517,1.28228]],[[103.8517,1.28228],[103.85164,1.28245],[103.85159,1.28263],[103.85156,1.28275],[103.85154,1.28288],[103.85153,1.28302],[103.85152,1.2831],[103.85152,1.28318]],[[103.85152,1.28318],[103.85152,1.28333],[103.85154,1.28356],[103.85161,1.28437],[103.85165,1.28476],[103.85169,1.28521],[103.85172,1.28561],[103.85175,1.28581],[103.85176,1.28592],[103.85177,1.28602],[103.8518,1.28618],[103.85184,1.28635],[103.85189,1.28652],[103.85194,1.2867],[103.85197,1.28679],[103.85211,1.28719],[103.8522,1.28743],[103.85229,1.28767],[103.85234,1.2878],[103.8524,1.28793],[103.85247,1.28805],[103.85253,1.28818]],[[103.85253,1.28818],[103.85269,1.28844],[103.85287,1.28872],[103.85304,1.28899],[103.85312,1.28913],[103.85319,1.28927],[103.85323,1.28936],[103.85325,1.2894],[103.85327,1.28945],[103.85328,1.28949],[103.8533,1.28954],[103.85332,1.28958],[103.85332,1.2896],[103.85333,1.28962],[103.85333,1.28963],[103.85338,1.28982],[103.85341,1.28991],[103.85343,1.29001],[103.85345,1.29018],[103.85347,1.29035],[103.85347,1.29052],[103.85347,1.2907],[103.85344,1.29093],[103.8534,1.29117],[103.85333,1.29142],[103.85324,1.29167]],[[103.85324,1.29167],[103.85315,1.29187],[103.85304,1.29207],[103.85295,1.29221],[103.85253,1.29286],[103.85224,1.29329],[103.8521,1.29351],[103.85194,1.29374],[103.85179,1.29397]],[[103.85179,1.29397],[103.85161,1.2942],[103.85145,1.29442],[103.85111,1.29488],[103.85013,1.29621],[103.84986,1.29656],[103.84955,1.2969],[103.84923,1.29719],[103.84892,1.29744],[103.84852,1.29771],[103.84828,1.29785],[103.848,1.29799],[103.84769,1.29812],[103.84734,1.29825],[103.84695,1.29838],[103.84602,1.29869],[103.84533,1.29892],[103.84507,1.299],[103.84479,1.29908],[103.84454,1.29914],[103.84427,1.2992],[103.8408,1.29982],[103.83998,1.30001],[103.839,1.30024],[103.83833,1.30039],[103.83722,1.30067],[103.83663,1.30074],[103.83556,1.30057],[103.83491,1.30049],[103.83426,1.30056],[103.83371,1.30076],[103.83321,1.30107],[103.83279,1.30148],[103.83253,1.30186],[103.83229,1.30241],[103.83217,1.30306],[103.83211,1.30386],[103.83205,1.30466],[103.83206,1.30512],[103.83213,1.30551],[103.83224,1.30588],[103.83352,1.30866],[103.83424,1.30975],[103.8352,1.31055],[103.83782,1.3124],[103.83853,1.31288],[103.84043,1.31435],[103.84133,1.31665],[103.84169,1.31784],[103.84179,1.31817],[103.84184,1.31823],[103.84345,1.32014],[103.84382,1.32053],[103.84435,1.32114],[103.84502,1.32188],[103.84551,1.3225],[103.84595,1.32324],[103.84634,1.32412],[103.84663,1.32507],[103.84706,1.32749],[103.84771,1.32934],[103.84787,1.33005],[103.84789,1.33079],[103.84774,1.33164],[103.84757,1.33232],[103.84736,1.33324],[103.84724,1.33386],[103.84703,1.33453],[103.84649,1.33559],[103.8461,1.33658],[103.84605,1.33728],[103.84614,1.33796],[103.84657,1.33898],[103.84667,1.33942],[103.84672,1.3406],[103.84672,1.34119],[103.84678,1.3447],[103.84757,1.34868]],[[103.84757,1.34868],[103.84765,1.349],[103.84771,1.3493],[103.84786,1.34996],[103.84788,1.35007]],[[103.84788,1.35007],[103.848,1.3506]],[[103.848,1.3506],[103.84812,1.35109]],[[103.84812,1.35109],[103.8482,1.35146],[103.84824,1.35168],[103.84825,1.35173]],[[103.84825,1.35173],[103.84842,1.35251],[103.84859,1.35328],[103.8486,1.35331]],[[103.8486,1.35331],[103.84872,1.35373]],[[103.84872,1.35373],[103.84879,1.35391],[103.84891,1.35417],[103.84902,1.3544],[103.84914,1.35461]],[[103.84914,1.35461],[103.84972,1.35563],[103.84996,1.35606],[103.85024,1.35651],[103.85045,1.35687],[103.85068,1.35723],[103.85089,1.35757],[103.85108,1.35787],[103.85134,1.3583],[103.85158,1.35871],[103.85174,1.35895],[103.85201,1.35938],[103.85235,1.35995],[103.85257,1.36032],[103.85271,1.36058],[103.85286,1.3609],[103.85296,1.36115],[103.85304,1.36139],[103.85309,1.3616],[103.85314,1.36185],[103.85316,1.36208],[103.85317,1.36238],[103.85317,1.36266],[103.85312,1.36298],[103.85307,1.36327],[103.85299,1.36353],[103.85283,1.36391],[103.85268,1.36421],[103.85099,1.36719],[103.85077,1.36759],[103.85054,1.36801],[103.85002,1.36892],[103.84975,1.36939],[103.84941,1.37],[103.84908,1.37057],[103.8489,1.37088],[103.84881,1.37108],[103.84872,1.3713],[103.84866,1.37149],[103.84861,1.37166],[103.84857,1.37185],[103.84846,1.37267],[103.84843,1.37293],[103.84832,1.37383],[103.84812,1.37533],[103.84804,1.3759],[103.84784,1.37751],[103.84762,1.37834],[103.84741,1.37881],[103.8472,1.37918],[103.84687,1.37963],[103.84656,1.38],[103.8461,1.38048],[103.84564,1.38095],[103.84551,1.38109],[103.84488,1.38174],[103.84413,1.38253],[103.84384,1.38293],[103.84367,1.38322],[103.84351,1.38357],[103.84339,1.38387],[103.84298,1.38492],[103.84243,1.38632],[103.84203,1.38731],[103.84169,1.38819],[103.84149,1.3887],[103.84135,1.38899],[103.84121,1.38925],[103.84101,1.38957],[103.8408,1.38985],[103.8405,1.3902],[103.8402,1.3905],[103.83987,1.39079],[103.83948,1.39105],[103.83809,1.39194],[103.83603,1.39323]],[[103.83603,1.39323],[103.83228,1.3956]],[[103.83228,1.3956],[103.83168,1.39598]],[[103.83168,1.39598],[103.83118,1.39632],[103.83066,1.39672],[103.8301,1.39725],[103.82984,1.39752],[103.82958,1.39783],[103.82924,1.39829],[103.82891,1.39879],[103.82852,1.39949],[103.82829,1.40006],[103.82799,1.40096],[103.8278,1.40182],[103.82774,1.40228]],[[103.82774,1.40228],[103.82772,1.40251],[103.82772,1.40275],[103.82773,1.40339],[103.82774,1.4037],[103.82776,1.40401],[103.82782,1.40442],[103.82789,1.40486],[103.82798,1.40521],[103.8281,1.40556],[103.82821,1.40581],[103.82837,1.40618],[103.82877,1.40708],[103.82887,1.40733],[103.82896,1.40763],[103.82901,1.40786],[103.82906,1.40814],[103.82909,1.40841],[103.82909,1.40872],[103.82909,1.4093],[103.82909,1.40955],[103.82911,1.40977],[103.82914,1.40998],[103.82922,1.41031],[103.8293,1.41056],[103.82942,1.41084],[103.8296,1.41119],[103.82989,1.41163],[103.83024,1.41206],[103.83058,1.41255],[103.8308,1.41291],[103.83112,1.41351],[103.83143,1.4141],[103.83169,1.41462],[103.83206,1.41538],[103.8322,1.41573],[103.83236,1.41617],[103.83266,1.41679],[103.83295,1.41738],[103.83324,1.41798],[103.8335,1.41847],[103.83369,1.41884],[103.83402,1.41938],[103.8343,1.4199],[103.83447,1.42031],[103.83456,1.42065],[103.83463,1.42099],[103.83467,1.42135],[103.83471,1.42206],[103.83474,1.42279],[103.83486,1.42526],[103.83486,1.42527],[103.83498,1.42723],[103.83498,1.42745],[103.83494,1.4279],[103.83492,1.42832],[103.83494,1.42879],[103.83497,1.42938],[103.835,1.4301],[103.83502,1.43071],[103.83503,1.43119],[103.83503,1.43153],[103.835,1.43185],[103.83494,1.43216],[103.83463,1.43336],[103.83426,1.43487],[103.83417,1.43519],[103.83407,1.43552],[103.83393,1.43587],[103.83372,1.43627],[103.83337,1.4369],[103.83314,1.43729],[103.83307,1.43742],[103.83255,1.43834],[103.83196,1.43934],[103.83062,1.44152],[103.82957,1.44324],[103.82909,1.44402],[103.82813,1.44559],[103.82788,1.44598],[103.82764,1.44634],[103.82733,1.44674],[103.82709,1.447],[103.82687,1.44723],[103.82655,1.44751],[103.82612,1.44791],[103.82587,1.44815],[103.82562,1.44836],[103.8253,1.44861],[103.82484,1.44892],[103.82457,1.44907],[103.82428,1.44919],[103.82377,1.44937],[103.82337,1.44946],[103.82302,1.4495],[103.82252,1.4495],[103.82209,1.44947],[103.82181,1.44943],[103.82147,1.44935],[103.82095,1.44923],[103.82081,1.4492],[103.82007,1.44903],[103.81934,1.44886],[103.81908,1.4488],[103.81885,1.44875],[103.81776,1.44858],[103.81674,1.44834],[103.8158,1.44811],[103.81299,1.44746],[103.81121,1.44702],[103.81079,1.44689],[103.81041,1.44674],[103.8098,1.44644],[103.8094,1.44621],[103.80901,1.44595],[103.80838,1.44541],[103.80793,1.44489],[103.80759,1.44454],[103.80713,1.44415],[103.80672,1.44374],[103.80633,1.44338],[103.80609,1.44316],[103.80588,1.443],[103.8055,1.44275],[103.80511,1.44252],[103.80412,1.44204],[103.80311,1.44159],[103.80256,1.44128],[103.80225,1.44111],[103.80168,1.44087],[103.80099,1.44056],[103.80031,1.44025],[103.79986,1.44005],[103.79932,1.43986],[103.7987,1.43965],[103.79836,1.43948],[103.79791,1.43928],[103.79744,1.43913],[103.7971,1.43904],[103.79666,1.43897],[103.79613,1.43895],[103.79235,1.43876],[103.79188,1.43872],[103.79146,1.43866],[103.79104,1.43857],[103.79064,1.43846],[103.79017,1.43829],[103.78879,1.43776],[103.78726,1.43721]],[[103.78726,1.43721],[103.78647,1.4369],[103.78584,1.43666]],[[103.78584,1.43666],[103.78557,1.43656],[103.78477,1.43626],[103.78446,1.43615],[103.78415,1.43603],[103.78395,1.43595],[103.78372,1.43584],[103.78353,1.43573],[103.78336,1.43563],[103.7832,1.43553],[103.78303,1.4354],[103.78285,1.43526],[103.78264,1.43507],[103.78249,1.43493],[103.78238,1.43483],[103.78224,1.43469],[103.78195,1.4344],[103.78169,1.43416],[103.78137,1.43386],[103.78117,1.43368],[103.78099,1.43353],[103.78078,1.43337],[103.78058,1.43323],[103.7804,1.43312],[103.78019,1.433],[103.77998,1.4329],[103.77978,1.43282],[103.77949,1.43271],[103.77927,1.43264],[103.77904,1.43258],[103.7788,1.43253],[103.77858,1.4325],[103.77832,1.43247],[103.77799,1.43245],[103.77658,1.43246],[103.77488,1.43248],[103.77413,1.43248],[103.77336,1.43248],[103.77264,1.4325],[103.77215,1.43249],[103.77169,1.43244],[103.76959,1.43197],[103.76921,1.43185]],[[103.76921,1.43185],[103.76903,1.43179],[103.76869,1.43164],[103.76838,1.43147],[103.76818,1.43135],[103.76795,1.43117],[103.76764,1.43091],[103.76739,1.43066],[103.76717,1.43042]],[[103.76717,1.43042],[103.76685,1.42999],[103.7664,1.42916]],[[103.7664,1.42916],[103.76632,1.42902]],[[103.76632,1.42902],[103.76545,1.42774]],[[103.76545,1.42774],[103.76528,1.42756],[103.7651,1.4274],[103.76468,1.42707],[103.76418,1.42672]],[[103.76418,1.42672],[103.76393,1.42654],[103.76299,1.4258],[103.76265,1.42556],[103.76205,1.42514],[103.76146,1.42473],[103.76105,1.42446],[103.76073,1.42426],[103.76037,1.42408],[103.76005,1.42396],[103.75935,1.42369],[103.75884,1.4235],[103.75834,1.42332],[103.75779,1.42317],[103.75699,1.42301],[103.75623,1.42285],[103.75448,1.42249],[103.7521,1.42198],[103.75174,1.42188],[103.75141,1.42176],[103.75112,1.42164],[103.75069,1.42141],[103.7504,1.42122],[103.75014,1.42105],[103.74984,1.42079],[103.74957,1.42052],[103.74933,1.42023],[103.74915,1.41999],[103.74887,1.41956],[103.74865,1.4191],[103.74847,1.41863],[103.74835,1.41817],[103.74826,1.41766],[103.74822,1.41723],[103.74823,1.41676],[103.74828,1.4163],[103.74858,1.41457],[103.74879,1.41341],[103.7488,1.41338],[103.74897,1.41244],[103.74968,1.40839],[103.74973,1.40809],[103.74978,1.40772],[103.7498,1.40737],[103.74981,1.40706],[103.74981,1.40666],[103.74977,1.40626],[103.7497,1.40581],[103.74961,1.40528],[103.7495,1.40481],[103.74917,1.40353],[103.74875,1.40207],[103.74839,1.40077],[103.74805,1.39953],[103.74783,1.39866],[103.74769,1.3982],[103.74749,1.39745],[103.74731,1.39679],[103.74721,1.39643],[103.7471,1.39607],[103.74697,1.39572],[103.74666,1.39512],[103.74622,1.39445],[103.74565,1.39357],[103.74525,1.39295],[103.74495,1.39247],[103.7447,1.39198],[103.74447,1.39142],[103.74429,1.39077],[103.74421,1.39039],[103.74415,1.39],[103.74413,1.38959],[103.74413,1.38919],[103.74424,1.3873],[103.74431,1.38667],[103.74434,1.38615],[103.74439,1.38532],[103.74443,1.3845],[103.74444,1.38425],[103.74445,1.38379],[103.74443,1.3835],[103.74437,1.38308],[103.7443,1.38269],[103.74423,1.3823],[103.74394,1.38075],[103.74371,1.37932],[103.74362,1.37875],[103.74357,1.37836],[103.74357,1.37812],[103.74357,1.37777],[103.74357,1.37751]],[[103.74357,1.37751],[103.74361,1.37717],[103.74366,1.37674],[103.74369,1.37647]],[[103.74369,1.37647],[103.74373,1.37619]],[[103.74373,1.37619],[103.74379,1.37591],[103.74391,1.37544],[103.74408,1.37485],[103.74421,1.37449],[103.74439,1.37404],[103.74459,1.37363]],[[103.74459,1.37363],[103.74483,1.37321],[103.74517,1.37268],[103.74565,1.37203],[103.74603,1.3716],[103.7466,1.37106],[103.74801,1.36981],[103.74882,1.36908],[103.74946,1.36853],[103.75009,1.36797],[103.75059,1.36752],[103.75097,1.36702],[103.75125,1.36649],[103.75137,1.36614],[103.75147,1.36577],[103.75153,1.36534],[103.75155,1.36491],[103.75161,1.36375],[103.75167,1.36196],[103.75172,1.36111],[103.75185,1.36008],[103.75188,1.35955],[103.7519,1.35889],[103.75192,1.35822],[103.75193,1.3579],[103.75191,1.35701],[103.75195,1.35602]],[[103.75195,1.35602],[103.75198,1.35537],[103.752,1.35478],[103.75203,1.35369],[103.75202,1.35324],[103.752,1.35308],[103.75197,1.35292]],[[103.75197,1.35292],[103.75192,1.3527]],[[103.75192,1.3527],[103.75187,1.35247],[103.75179,1.35223],[103.75172,1.35202],[103.75159,1.35179],[103.75144,1.35156]],[[103.75144,1.35156],[103.75138,1.35146],[103.75128,1.35129],[103.75125,1.35125],[103.75115,1.35112]],[[103.75115,1.35112],[103.75081,1.35065],[103.75062,1.35038],[103.7504,1.35004],[103.75016,1.34969],[103.75004,1.34952],[103.74966,1.34902],[103.74918,1.34839],[103.74889,1.34801],[103.74861,1.34767],[103.74825,1.34723],[103.74756,1.34627],[103.74708,1.34564],[103.74665,1.34505],[103.74515,1.34309],[103.74389,1.34139],[103.74319,1.34047],[103.74202,1.33886],[103.74165,1.3384],[103.74145,1.33816],[103.74128,1.3379],[103.7412,1.33777],[103.74113,1.33765],[103.74106,1.33751],[103.74098,1.33732],[103.74094,1.33717],[103.7409,1.33701],[103.74086,1.33683],[103.74084,1.33667],[103.74083,1.33651],[103.74083,1.33633],[103.74085,1.33616],[103.74086,1.33599],[103.74089,1.33582],[103.74095,1.33562],[103.74099,1.33548],[103.74105,1.33532],[103.74112,1.33519],[103.74118,1.33505],[103.74133,1.33479],[103.74149,1.3345],[103.74163,1.33421],[103.74173,1.334]],[[103.74173,1.334],[103.74223,1.33307],[103.74259,1.33242]],[[103.74173,1.334],[103.74129,1.33478],[103.74116,1.33502],[103.74107,1.33517],[103.741,1.33534],[103.74093,1.33554],[103.74088,1.33572],[103.74083,1.33592],[103.74081,1.33611],[103.7408,1.33629],[103.7408,1.3365],[103.74081,1.33666],[103.74082,1.33684],[103.74085,1.33697],[103.7409,1.33719],[103.74095,1.33735],[103.74101,1.33751],[103.74108,1.33767],[103.74116,1.3378],[103.74123,1.33791],[103.74132,1.33805],[103.74166,1.33848],[103.74199,1.33889]],[[103.74199,1.33889],[103.74327,1.34066],[103.74367,1.34121]],[[103.74367,1.34121],[103.74384,1.34143],[103.7451,1.34313],[103.7466,1.34508],[103.74704,1.34567],[103.74751,1.34631],[103.74821,1.34727],[103.74854,1.34771],[103.74879,1.34809],[103.74907,1.34847],[103.74953,1.34909],[103.74992,1.34961],[103.75004,1.34977],[103.75029,1.3501],[103.75057,1.35043],[103.75077,1.35069],[103.75112,1.35116]],[[103.75112,1.35116],[103.75124,1.35132],[103.75135,1.35148],[103.75141,1.35158]],[[103.75141,1.35158],[103.75154,1.3518],[103.75168,1.35206],[103.75175,1.35224],[103.75183,1.35247],[103.75188,1.35271]],[[103.75188,1.35271],[103.75193,1.35293]],[[103.75193,1.35293],[103.75195,1.3531],[103.75197,1.35325],[103.75198,1.35369],[103.75196,1.35475],[103.75195,1.35508],[103.75189,1.35638]],[[103.75189,1.35638],[103.75187,1.35698],[103.7518,1.35775],[103.75177,1.35816],[103.75174,1.35889],[103.75172,1.35955],[103.75166,1.36111],[103.75163,1.36196],[103.75157,1.36375],[103.75152,1.36489],[103.75148,1.36533],[103.75143,1.36576],[103.75134,1.36612],[103.75122,1.36646],[103.75093,1.367],[103.75055,1.36748],[103.75006,1.36794],[103.74942,1.3685],[103.74878,1.36905],[103.74797,1.36978],[103.74656,1.37102],[103.74599,1.37158],[103.74562,1.37199],[103.74512,1.37265],[103.74478,1.37318],[103.74455,1.37361]],[[103.74455,1.37361],[103.74435,1.37402],[103.74416,1.37448],[103.74404,1.37483],[103.74387,1.37543],[103.74375,1.37591],[103.74369,1.37619]],[[103.74369,1.37619],[103.74365,1.37646]],[[103.74365,1.37646],[103.74361,1.37673],[103.74356,1.37717],[103.74353,1.37751]],[[103.74353,1.37751],[103.74352,1.37777],[103.74351,1.37812],[103.74352,1.37836],[103.74357,1.37876],[103.74365,1.37933],[103.74389,1.38075],[103.7442,1.3823],[103.74426,1.38269],[103.7443,1.38309],[103.74432,1.3835],[103.74433,1.38379],[103.7443,1.38449],[103.74426,1.38531],[103.74421,1.38615],[103.74419,1.38664],[103.7442,1.38728],[103.74408,1.38918],[103.74409,1.38959],[103.74411,1.39],[103.74416,1.3904],[103.74424,1.39078],[103.74443,1.39144],[103.74465,1.39199],[103.74491,1.39249],[103.7452,1.39297],[103.74561,1.39359],[103.74618,1.39447],[103.7466,1.39515],[103.74687,1.39575],[103.74697,1.39609],[103.74706,1.39646],[103.74716,1.39681],[103.74733,1.39747],[103.74754,1.39822],[103.74778,1.399],[103.74798,1.39954],[103.74812,1.39999],[103.74834,1.40079],[103.7487,1.40207],[103.74912,1.40355],[103.74945,1.40482],[103.74956,1.40528],[103.74965,1.40581],[103.74972,1.40628],[103.74976,1.40667],[103.74976,1.40705],[103.74975,1.40737],[103.74972,1.40772],[103.74968,1.40807],[103.74964,1.40838],[103.74892,1.41243],[103.74874,1.4134],[103.74853,1.41456],[103.74824,1.41629],[103.74819,1.41676],[103.74818,1.41723],[103.74821,1.41766],[103.7483,1.41817],[103.74842,1.41864],[103.74861,1.41912],[103.74883,1.41957],[103.74911,1.42002],[103.74928,1.42027],[103.74954,1.42055],[103.74981,1.42082],[103.75012,1.42109],[103.75038,1.42127],[103.75066,1.42145],[103.7511,1.42169],[103.75138,1.4218],[103.75172,1.42193],[103.75209,1.42203],[103.75447,1.42254],[103.75622,1.42291],[103.75697,1.42306],[103.75776,1.42322],[103.75832,1.42336],[103.75913,1.42366],[103.75933,1.42373],[103.76003,1.42401],[103.76033,1.42417],[103.76066,1.42436],[103.76137,1.42484],[103.76195,1.42526],[103.76256,1.42569],[103.76415,1.42677]],[[103.76415,1.42677],[103.76464,1.42711],[103.76507,1.42743],[103.76524,1.42759],[103.76542,1.42777]],[[103.76628,1.42904],[103.76542,1.42777]],[[103.76628,1.42904],[103.76637,1.42918]],[[103.76637,1.42918],[103.76682,1.43002],[103.76713,1.43045]],[[103.76713,1.43045],[103.76734,1.43071],[103.7676,1.43095],[103.76791,1.43121],[103.76817,1.4314],[103.76837,1.43152],[103.76868,1.43168],[103.76902,1.43183],[103.76918,1.43189]],[[103.76918,1.43189],[103.76957,1.43202],[103.77167,1.43251],[103.77215,1.4326],[103.77263,1.43264],[103.77337,1.43263],[103.77412,1.43263],[103.77487,1.43263],[103.7754,1.43262],[103.77602,1.43257],[103.77614,1.43256],[103.77662,1.43249],[103.77798,1.43249],[103.77829,1.43251],[103.77855,1.43253],[103.7788,1.43257],[103.77908,1.43263],[103.77928,1.43268],[103.77949,1.43275],[103.77969,1.43283],[103.77992,1.43292],[103.78014,1.43303],[103.78035,1.43315],[103.78054,1.43327],[103.78071,1.43339],[103.78087,1.43352],[103.78105,1.43367],[103.78123,1.43384],[103.78161,1.4342],[103.78168,1.43427],[103.78206,1.43463],[103.78232,1.43488],[103.78256,1.43511],[103.78277,1.43531],[103.78292,1.43545],[103.78307,1.43557],[103.78324,1.4357],[103.78342,1.43582],[103.78362,1.43595],[103.78382,1.43606],[103.784,1.43615],[103.78427,1.43626],[103.7845,1.43634],[103.78556,1.43674]],[[103.78556,1.43674],[103.78577,1.43682],[103.78641,1.43706],[103.78693,1.43725],[103.7875,1.43745]],[[103.7875,1.43745],[103.78803,1.43766],[103.78829,1.43774],[103.78854,1.43782],[103.78911,1.43796],[103.7893,1.43802],[103.78955,1.4381],[103.79014,1.43832],[103.79063,1.43849],[103.79104,1.43861],[103.79146,1.4387],[103.79188,1.43876],[103.79234,1.43879],[103.79611,1.43898],[103.79664,1.43902],[103.79708,1.43908],[103.79741,1.43917],[103.79789,1.43932],[103.79834,1.43953],[103.7987,1.4397],[103.80027,1.4404],[103.80093,1.44069],[103.80161,1.441],[103.80309,1.44165],[103.80411,1.44209],[103.80509,1.44257],[103.80547,1.44279],[103.80585,1.44304],[103.80605,1.4432],[103.80631,1.44343],[103.80668,1.44377],[103.80711,1.44419],[103.80756,1.44458],[103.8079,1.44491],[103.80836,1.44545],[103.80897,1.44598],[103.80937,1.44626],[103.80977,1.44648],[103.81039,1.44679],[103.81077,1.44695],[103.81119,1.44708],[103.81297,1.44751],[103.8157,1.44814],[103.8182,1.44873],[103.81848,1.4488],[103.81907,1.44894],[103.81934,1.44901],[103.82004,1.44917],[103.82075,1.44933],[103.82115,1.44942],[103.82144,1.44946],[103.82181,1.44949],[103.82209,1.44952],[103.82251,1.44954],[103.82302,1.44955],[103.82339,1.44951],[103.82378,1.44941],[103.8243,1.44923],[103.82458,1.44911],[103.82486,1.44897],[103.82532,1.44866],[103.82565,1.4484],[103.8259,1.44818],[103.82614,1.44796],[103.8269,1.44727],[103.82713,1.44704],[103.82736,1.44678],[103.82768,1.44637],[103.82792,1.44602],[103.82816,1.44563],[103.82857,1.44496],[103.829,1.44426],[103.82961,1.44326],[103.83066,1.44154],[103.832,1.43937],[103.83263,1.43837],[103.83314,1.43746],[103.83321,1.43733],[103.8338,1.43632],[103.834,1.43592],[103.83414,1.43556],[103.83425,1.43523],[103.83433,1.43489],[103.83454,1.4341],[103.83472,1.43338],[103.83499,1.43217],[103.83505,1.43187],[103.8351,1.43156],[103.83514,1.43119],[103.83515,1.43072],[103.83514,1.4301],[103.83511,1.42938],[103.83508,1.42879],[103.83505,1.42832],[103.83505,1.4279],[103.83504,1.42745],[103.83491,1.42526],[103.83479,1.42279],[103.83476,1.42206],[103.83472,1.42134],[103.83468,1.42099],[103.83461,1.42064],[103.83452,1.42029],[103.83436,1.41989],[103.83405,1.41929],[103.83384,1.41886],[103.83339,1.41792],[103.83309,1.41734],[103.83279,1.41673],[103.83248,1.41612],[103.83229,1.41571],[103.83173,1.41461],[103.83117,1.4135],[103.83083,1.41286],[103.83062,1.41252],[103.83027,1.41203],[103.82993,1.41159],[103.82965,1.41116],[103.82948,1.41082],[103.82936,1.41055],[103.82927,1.41029],[103.82919,1.40998],[103.82916,1.40977],[103.82914,1.40955],[103.82914,1.4093],[103.82913,1.40872],[103.82913,1.40841],[103.82911,1.40814],[103.82906,1.40785],[103.82901,1.40761],[103.82892,1.4073],[103.82882,1.40707],[103.82842,1.40615],[103.82825,1.40579],[103.82814,1.40554],[103.82803,1.40519],[103.82793,1.40484],[103.82786,1.4044],[103.82782,1.40401],[103.8278,1.4037],[103.82779,1.4034],[103.82777,1.40275],[103.82778,1.40251],[103.8278,1.40229]],[[103.8278,1.40229],[103.82786,1.40182],[103.82803,1.40096],[103.82833,1.40007],[103.82856,1.39952],[103.82895,1.39881],[103.82928,1.39831],[103.82962,1.39786],[103.82987,1.39757],[103.83013,1.39728],[103.83069,1.39676],[103.8312,1.39636],[103.83171,1.39602]],[[103.83171,1.39602],[103.83231,1.39564]],[[103.83231,1.39564],[103.83606,1.39327]],[[103.83606,1.39327],[103.83812,1.39198],[103.83951,1.39109],[103.83989,1.39082],[103.84023,1.39054],[103.84054,1.39023],[103.84083,1.38989],[103.84105,1.38959],[103.84125,1.38928],[103.84139,1.38902],[103.84153,1.38872],[103.84174,1.38821],[103.84208,1.38734],[103.84248,1.38634],[103.84303,1.38494],[103.84345,1.38389],[103.84358,1.3836],[103.84373,1.38333],[103.84395,1.38296],[103.84429,1.38256],[103.84499,1.38184],[103.84571,1.3811],[103.84657,1.38019],[103.84662,1.38014],[103.84699,1.3797],[103.84739,1.37911],[103.84757,1.37879],[103.84768,1.37845],[103.84778,1.37816],[103.8479,1.37766],[103.84796,1.37725],[103.84816,1.37569],[103.8484,1.37371],[103.84849,1.37307],[103.84855,1.3726],[103.84858,1.37239],[103.84864,1.37213],[103.8487,1.37195],[103.84876,1.37178],[103.84881,1.37164],[103.84893,1.3714],[103.84905,1.37117],[103.84954,1.3703],[103.84964,1.37013],[103.84983,1.36979],[103.85011,1.36929],[103.85017,1.36918],[103.85024,1.36903],[103.8503,1.36889],[103.85039,1.36861],[103.85052,1.36826],[103.85056,1.36816],[103.85061,1.36805],[103.85071,1.36784],[103.8509,1.36751],[103.85111,1.36714],[103.85269,1.36436],[103.85285,1.36406],[103.85297,1.36379],[103.85303,1.36366],[103.85307,1.36352],[103.85313,1.36332],[103.85318,1.36311],[103.85322,1.36286],[103.85326,1.36252],[103.85326,1.36224],[103.85323,1.36194],[103.85318,1.36166],[103.85314,1.36145],[103.85309,1.36129],[103.85297,1.36095],[103.85286,1.36068],[103.85268,1.36032],[103.85251,1.35995],[103.85233,1.35958],[103.85216,1.35921],[103.85198,1.35884],[103.85183,1.35852],[103.85173,1.35833],[103.85163,1.35815],[103.85144,1.35785],[103.85123,1.35754],[103.85106,1.35731],[103.85086,1.35707],[103.85066,1.35683],[103.85045,1.35657],[103.85028,1.35635],[103.85012,1.35614],[103.85,1.35595],[103.84987,1.35574],[103.84961,1.35528]],[[103.84961,1.35528],[103.84946,1.35501]],[[103.84946,1.35501],[103.84921,1.35457]],[[103.84921,1.35457],[103.84908,1.35433],[103.84902,1.35419],[103.84896,1.35406],[103.8489,1.35392],[103.84884,1.35375],[103.84883,1.3537]],[[103.84883,1.3537],[103.84871,1.35328]],[[103.84871,1.35328],[103.84851,1.35238],[103.84837,1.35174],[103.84832,1.35145],[103.84824,1.35107]],[[103.84824,1.35107],[103.84812,1.35058]],[[103.84812,1.35058],[103.84797,1.34995],[103.84778,1.34917],[103.84764,1.34866]],[[103.84764,1.34866],[103.84756,1.34831],[103.84688,1.3447],[103.84683,1.3412],[103.84682,1.3406],[103.84677,1.33941],[103.84666,1.339],[103.8462,1.33793],[103.84611,1.33721],[103.84616,1.33664],[103.84656,1.33558],[103.84708,1.33456],[103.84739,1.33379],[103.8475,1.33325],[103.8477,1.33236],[103.84787,1.33167],[103.84801,1.33091],[103.84801,1.33014],[103.84782,1.32937],[103.8472,1.32749],[103.84672,1.32506],[103.84644,1.32406],[103.84607,1.32319],[103.84561,1.32241],[103.84512,1.32179],[103.84445,1.32105],[103.84391,1.32045],[103.84354,1.32007],[103.84228,1.31858],[103.84189,1.31813],[103.84144,1.31662],[103.84052,1.31429],[103.83858,1.3128],[103.83789,1.31233],[103.83527,1.31048],[103.83432,1.30968],[103.83362,1.30863],[103.83234,1.30578],[103.83219,1.30516],[103.83218,1.30464],[103.83224,1.30386],[103.8323,1.30309],[103.83245,1.30243],[103.83263,1.30204],[103.83296,1.30157],[103.83328,1.30126],[103.83377,1.30093],[103.83432,1.30072],[103.83494,1.30064],[103.8356,1.3007],[103.83664,1.30087],[103.83725,1.30081],[103.83835,1.30051],[103.83903,1.30036],[103.84,1.30014],[103.84065,1.29999]],[[103.84065,1.29999],[103.84104,1.2999],[103.84144,1.29983],[103.8443,1.29931],[103.8447,1.29923],[103.84489,1.29919],[103.84511,1.29913],[103.84537,1.29905],[103.84607,1.29882],[103.84698,1.29852],[103.84738,1.29838],[103.84772,1.29826],[103.84803,1.29813],[103.84822,1.29805],[103.84844,1.29793],[103.84864,1.29782],[103.849,1.29758],[103.84935,1.29731],[103.84968,1.29699],[103.84996,1.29668],[103.85023,1.29634],[103.85115,1.29494],[103.85147,1.29445],[103.85179,1.29397]],[[103.85179,1.29397],[103.85195,1.29374],[103.8521,1.29351],[103.85225,1.29328],[103.85251,1.29288],[103.85296,1.29221],[103.85304,1.29207],[103.85315,1.29188],[103.85325,1.29167]],[[103.85325,1.29167],[103.85334,1.29142],[103.8534,1.29117],[103.85345,1.29093],[103.85347,1.2907],[103.85347,1.29052],[103.85347,1.29035],[103.85345,1.29018],[103.85343,1.29001],[103.85341,1.28991],[103.85339,1.28982],[103.85333,1.28963],[103.85333,1.28961],[103.85332,1.2896],[103.85332,1.28958],[103.8533,1.28954],[103.85328,1.28949],[103.85327,1.28945],[103.85325,1.2894],[103.85323,1.28936],[103.85319,1.28927],[103.85312,1.28912],[103.85304,1.28899],[103.85287,1.28871],[103.8527,1.28844],[103.85254,1.28817]],[[103.85254,1.28817],[103.85247,1.28805],[103.85241,1.28792],[103.85235,1.2878],[103.85229,1.28767],[103.8522,1.28743],[103.85211,1.28719],[103.85194,1.2867],[103.85189,1.28652],[103.85184,1.28635],[103.8518,1.28618],[103.85177,1.28602],[103.85176,1.28592],[103.85175,1.28581],[103.85173,1.28561],[103.85169,1.28521],[103.85165,1.28476],[103.85162,1.28437],[103.85154,1.28356],[103.85153,1.28332],[103.85153,1.28318]],[[103.85153,1.28318],[103.85153,1.2831],[103.85154,1.28302],[103.85156,1.28289],[103.85158,1.28277],[103.85161,1.28265],[103.85166,1.28248],[103.85173,1.28231]],[[103.85173,1.28231],[103.85178,1.28219],[103.85184,1.28208],[103.85197,1.28187],[103.85228,1.28137],[103.8526,1.28086],[103.85317,1.27994],[103.85375,1.279],[103.85391,1.27874],[103.85405,1.27848],[103.85414,1.27831],[103.85421,1.27813],[103.85428,1.27797],[103.85433,1.27781],[103.85438,1.27765],[103.85442,1.27748],[103.85472,1.27569],[103.85476,1.27546],[103.85485,1.27499],[103.85496,1.2747],[103.8551,1.27433],[103.85526,1.27401],[103.85546,1.27371],[103.85564,1.27348],[103.85584,1.27325],[103.85599,1.2731],[103.85612,1.27298],[103.85634,1.2728],[103.85829,1.27117],[103.85852,1.27097],[103.85876,1.2708],[103.85893,1.27069],[103.85911,1.2706],[103.85929,1.27052],[103.85943,1.27047],[103.85957,1.27042],[103.8597,1.27039],[103.85982,1.27036],[103.86,1.27033],[103.86022,1.27031],[103.86046,1.27031],[103.8607,1.27033],[103.861,1.27038],[103.86115,1.27042],[103.86131,1.27047],[103.86153,1.27056],[103.86167,1.27063],[103.86177,1.27068],[103.86188,1.27074]],[[103.86188,1.27074],[103.86287,1.27146],[103.86403,1.27229],[103.8642,1.27241],[103.86535,1.27325],[103.86758,1.27486]]]},"properties":{"ref":"NSL","name":"North South Line","colour":"#d42e12","lrt":0,"building":0}},{"type":"Feature","geometry":{"type":"MultiLineString","coordinates":[[[103.63796,1.34343],[103.63786,1.34315],[103.63778,1.34291],[103.63769,1.34265],[103.63759,1.34236],[103.63749,1.34209],[103.63741,1.34189],[103.63734,1.34169]],[[103.63734,1.34169],[103.63723,1.34136],[103.63712,1.34106]],[[103.63712,1.34106],[103.63684,1.34029],[103.6365,1.33933],[103.63644,1.33915]],[[103.63644,1.33915],[103.63571,1.33711],[103.63553,1.3366],[103.63547,1.33643],[103.63542,1.33627],[103.63538,1.33611],[103.63535,1.33597],[103.63532,1.33581],[103.63531,1.33568],[103.6353,1.33551],[103.63529,1.33534],[103.6353,1.33515],[103.63531,1.33499],[103.63534,1.33482],[103.63537,1.33464],[103.63542,1.33447],[103.63548,1.33429],[103.63554,1.33414],[103.6356,1.334],[103.63566,1.33388],[103.63575,1.33374],[103.63583,1.3336],[103.63594,1.33345],[103.636,1.33337],[103.63613,1.33322],[103.63703,1.33241],[103.63742,1.33205],[103.63784,1.33167],[103.63838,1.33122],[103.63904,1.33066],[103.63962,1.33011],[103.64033,1.32943],[103.64096,1.32878],[103.64118,1.32856],[103.64248,1.32732],[103.64625,1.32374],[103.64718,1.3228],[103.64756,1.32247],[103.64809,1.32204],[103.64832,1.32183],[103.64897,1.32122],[103.64958,1.32065],[103.64981,1.32043],[103.65015,1.32007],[103.65051,1.3197],[103.65188,1.31839],[103.6535,1.31686],[103.65372,1.31666],[103.65389,1.31654],[103.65415,1.31638],[103.65431,1.31629],[103.65448,1.31622],[103.65472,1.31613],[103.65497,1.31606],[103.65515,1.31602],[103.65538,1.31599],[103.65564,1.31597],[103.6559,1.31598],[103.65609,1.316],[103.65634,1.31605],[103.65662,1.31612],[103.65688,1.31621],[103.65707,1.3163],[103.65729,1.31642],[103.65753,1.31658],[103.65777,1.31677],[103.65785,1.31685],[103.65838,1.31738],[103.65871,1.31775],[103.65908,1.31811],[103.66011,1.31921],[103.66056,1.31968],[103.66125,1.3204],[103.6615,1.32066],[103.66184,1.32101],[103.66203,1.32123],[103.66218,1.32142],[103.66281,1.32222],[103.66311,1.3226],[103.66343,1.32308],[103.66386,1.32372],[103.66442,1.32452],[103.66497,1.32539],[103.66529,1.32585],[103.66539,1.32598],[103.66559,1.3262],[103.66576,1.32637],[103.66597,1.32654],[103.66616,1.32667],[103.66632,1.32677],[103.66649,1.32685],[103.66668,1.32693],[103.66687,1.327],[103.66709,1.32707],[103.66731,1.32711],[103.66754,1.32715],[103.66783,1.32717],[103.6686,1.32723],[103.66958,1.3273],[103.67149,1.32743],[103.67242,1.3275],[103.6728,1.32752],[103.6733,1.32754],[103.67524,1.32768]],[[103.67524,1.32768],[103.67588,1.32773],[103.67626,1.32775],[103.67658,1.32778],[103.67679,1.32779],[103.67697,1.3278],[103.67726,1.32781],[103.6775,1.32781]],[[103.6775,1.32781],[103.6776,1.32781],[103.67825,1.32781],[103.67896,1.32781],[103.67954,1.32781],[103.67988,1.32779],[103.68028,1.32777],[103.68091,1.32777]],[[103.68091,1.32777],[103.68269,1.32777],[103.68288,1.32777],[103.68458,1.32777],[103.68522,1.32777],[103.68544,1.32779],[103.68552,1.3278],[103.68569,1.32782],[103.68593,1.32787],[103.6862,1.32796],[103.6864,1.32803],[103.68661,1.32814],[103.68691,1.32831],[103.68724,1.32857],[103.68747,1.32882],[103.68773,1.32914],[103.68799,1.32961],[103.68817,1.33009],[103.68839,1.3308],[103.68851,1.33107],[103.68865,1.33134],[103.6888,1.33159],[103.68915,1.33205],[103.69103,1.33453],[103.69148,1.3351],[103.6922,1.33596],[103.69241,1.3362],[103.69262,1.33642],[103.69281,1.33659],[103.69314,1.33683],[103.69343,1.33699],[103.69394,1.33722],[103.69448,1.33736],[103.69511,1.33746],[103.69545,1.33754],[103.6958,1.3376],[103.69617,1.33764],[103.69741,1.33765],[103.69836,1.33766],[103.69965,1.33763],[103.70176,1.33761],[103.70271,1.33763],[103.7033,1.33771],[103.70394,1.33792],[103.70506,1.33835],[103.70578,1.33862],[103.70666,1.33894],[103.70728,1.33918],[103.70788,1.33946],[103.7099,1.34047],[103.71054,1.34073],[103.71583,1.34265],[103.7174,1.34329],[103.71875,1.34376],[103.71951,1.34402],[103.72068,1.34431],[103.7214,1.34449],[103.72237,1.34474],[103.72281,1.3448],[103.72312,1.34483],[103.72351,1.34485],[103.72394,1.34482],[103.72462,1.34473],[103.72506,1.34463],[103.7266,1.34422],[103.72688,1.34417],[103.72707,1.34415],[103.72739,1.34412],[103.72795,1.34412],[103.72893,1.34411],[103.7293,1.34407],[103.72954,1.34405],[103.73022,1.34389],[103.73085,1.34364],[103.73139,1.34332],[103.73193,1.34293],[103.73259,1.34246],[103.73267,1.3424],[103.73339,1.34186],[103.73437,1.34115],[103.73447,1.34107],[103.73495,1.34071],[103.73542,1.34037],[103.73638,1.33965],[103.73752,1.3388],[103.73842,1.33809],[103.73923,1.33745],[103.7396,1.33714],[103.74011,1.33672],[103.74025,1.3366],[103.74037,1.33646]],[[103.74037,1.33646],[103.74052,1.3363],[103.74066,1.33612],[103.74082,1.33591],[103.74097,1.33563],[103.74112,1.33536]],[[103.74112,1.33536],[103.74132,1.335],[103.74155,1.3346],[103.74184,1.33406],[103.74202,1.33376],[103.74236,1.33314],[103.74275,1.33242],[103.74289,1.33216],[103.74303,1.33194],[103.74313,1.3318],[103.74328,1.3316],[103.74346,1.33139],[103.74364,1.33121],[103.74379,1.33109],[103.74394,1.33097],[103.74423,1.33079],[103.74453,1.33061],[103.745,1.33033],[103.74525,1.33019],[103.74551,1.33005],[103.74583,1.32989],[103.74636,1.32962],[103.74651,1.32954],[103.74728,1.32915],[103.74775,1.32891],[103.74837,1.32864],[103.74881,1.32847],[103.74934,1.32835],[103.74992,1.32828],[103.75094,1.32833],[103.75141,1.3283],[103.75192,1.32824],[103.7524,1.32813],[103.75335,1.32777],[103.75373,1.32764],[103.75439,1.32746],[103.75496,1.3273],[103.7554,1.3272],[103.75597,1.32708],[103.75653,1.32697],[103.75756,1.32674],[103.75772,1.32669],[103.75791,1.32663],[103.75808,1.32656],[103.75819,1.32651],[103.75829,1.32646],[103.75869,1.32624],[103.75881,1.32617],[103.75893,1.32609],[103.75904,1.326],[103.75921,1.32585],[103.75934,1.32571],[103.75946,1.32558],[103.7596,1.3254],[103.75972,1.32524],[103.75981,1.32508],[103.75992,1.32487],[103.76001,1.32467],[103.76025,1.32413],[103.7605,1.32355],[103.76085,1.32279],[103.76116,1.3221],[103.76132,1.32177],[103.76143,1.32155],[103.7616,1.32124],[103.7619,1.3208],[103.76252,1.31988],[103.76327,1.31876],[103.76408,1.31756],[103.76444,1.31701],[103.76477,1.31636],[103.76502,1.31579],[103.7653,1.31513],[103.76569,1.31421],[103.766,1.31364],[103.76622,1.31332],[103.76656,1.31293],[103.767,1.31255],[103.76735,1.31231],[103.76767,1.31216],[103.76799,1.31203],[103.76823,1.31197],[103.76846,1.31192],[103.7687,1.31188],[103.76898,1.31186],[103.76927,1.31185],[103.77007,1.31193],[103.77074,1.312],[103.77262,1.31221],[103.77392,1.31238],[103.77496,1.31249],[103.77515,1.31251],[103.77579,1.31256],[103.77632,1.31251],[103.77682,1.3124],[103.77725,1.31222],[103.77763,1.31203],[103.77799,1.31182],[103.77862,1.31143],[103.77942,1.31093],[103.78054,1.31029],[103.7832,1.30866],[103.7835,1.30848],[103.78375,1.30835],[103.78434,1.30808],[103.78465,1.30803],[103.78511,1.30795],[103.78633,1.30776],[103.78687,1.30772],[103.78746,1.30768],[103.78804,1.3076],[103.78855,1.30752],[103.78899,1.30746],[103.78934,1.30741],[103.78987,1.30736],[103.79071,1.30728],[103.79141,1.3072],[103.79186,1.30714],[103.79228,1.30707],[103.79263,1.30698],[103.79307,1.30682],[103.79329,1.30671],[103.79366,1.30652],[103.79388,1.30637],[103.79414,1.30618],[103.79436,1.30597],[103.79472,1.30566],[103.79628,1.30427],[103.79702,1.30362],[103.79747,1.30324],[103.79781,1.30297],[103.79836,1.30249],[103.79898,1.30196],[103.79913,1.3018],[103.79918,1.30174],[103.79954,1.30138],[103.79982,1.30115],[103.80034,1.30068],[103.80108,1.30003],[103.80161,1.29956],[103.80352,1.29785],[103.80434,1.29713],[103.80468,1.29678],[103.805,1.29638],[103.8052,1.29608],[103.80575,1.29523],[103.80611,1.29465],[103.80646,1.2941],[103.80671,1.29371],[103.80692,1.2934],[103.80704,1.29325],[103.80723,1.29304],[103.80744,1.29283],[103.80799,1.29234],[103.80834,1.29201],[103.80854,1.29186],[103.80875,1.29171],[103.80898,1.29158],[103.80925,1.29145],[103.80951,1.29134],[103.80993,1.29122],[103.81021,1.29117],[103.81065,1.2911],[103.81357,1.29064],[103.81481,1.29045],[103.81526,1.29036],[103.81555,1.29027],[103.81582,1.29017],[103.81601,1.29008],[103.81621,1.28999],[103.8168,1.28971],[103.81769,1.28926],[103.81802,1.28915],[103.81835,1.28903],[103.81864,1.28895],[103.81902,1.28887],[103.81928,1.28883],[103.81958,1.28882]],[[103.81958,1.28882],[103.81973,1.28882],[103.81997,1.28881]],[[103.81997,1.28881],[103.82048,1.28877],[103.82106,1.28874],[103.82167,1.2887],[103.82206,1.28864],[103.82239,1.28855],[103.82301,1.28825],[103.82435,1.28721],[103.82485,1.28688],[103.8253,1.28668],[103.82599,1.28649],[103.82717,1.28621],[103.82842,1.28598],[103.82949,1.28593],[103.83062,1.28602],[103.83249,1.28606],[103.83277,1.28603],[103.83302,1.28598],[103.83328,1.2859],[103.83355,1.28576],[103.83378,1.2856],[103.83393,1.28547],[103.83485,1.28439],[103.83511,1.28417],[103.83536,1.28397],[103.83614,1.28341],[103.83847,1.28192]],[[103.83847,1.28192],[103.83936,1.28134],[103.8399,1.281]],[[103.8399,1.281],[103.84049,1.28055],[103.84067,1.28035]],[[103.84067,1.28035],[103.84096,1.28002],[103.84132,1.27937],[103.84209,1.27771],[103.84249,1.27722],[103.84303,1.27681],[103.84342,1.27661],[103.84374,1.27653],[103.84414,1.27647],[103.84478,1.27648],[103.84579,1.2766],[103.84637,1.27666],[103.84649,1.27668],[103.84662,1.27671],[103.84679,1.27676],[103.84695,1.27682],[103.84708,1.27688],[103.84722,1.27695],[103.84736,1.27704],[103.84747,1.27711],[103.8476,1.27721],[103.84773,1.27733],[103.84786,1.27746],[103.84798,1.2776],[103.84812,1.2778],[103.84824,1.278],[103.84846,1.27838],[103.84882,1.27896],[103.84925,1.27966],[103.84944,1.27998],[103.84964,1.2803],[103.84981,1.28054],[103.84998,1.28077],[103.85022,1.28106],[103.85067,1.28163],[103.85081,1.28181]],[[103.85081,1.28181],[103.85088,1.28191],[103.85094,1.28202],[103.85101,1.28212],[103.85106,1.28224],[103.85112,1.28235],[103.85116,1.28247],[103.85121,1.2826],[103.85125,1.28272],[103.85129,1.28286],[103.85131,1.28302],[103.85133,1.28319],[103.85137,1.2836],[103.85144,1.28439],[103.85147,1.28464],[103.85151,1.28508],[103.85153,1.28529],[103.85154,1.28549],[103.85156,1.28566],[103.85159,1.28586],[103.85163,1.28607],[103.85168,1.28625],[103.85175,1.28646],[103.85182,1.28666]],[[103.85182,1.28666],[103.85191,1.28692],[103.852,1.28719],[103.8521,1.28746],[103.85217,1.28765],[103.85226,1.28786],[103.85233,1.28802],[103.85239,1.28813],[103.85245,1.28824],[103.85257,1.28844],[103.85269,1.28862],[103.85281,1.28878],[103.85295,1.28896],[103.85307,1.28913],[103.85313,1.28921],[103.85319,1.28931],[103.85322,1.28935],[103.85325,1.2894],[103.8533,1.2895],[103.85338,1.28969],[103.85345,1.28987],[103.85351,1.29005],[103.85354,1.29022],[103.85357,1.29039],[103.85359,1.29061],[103.85359,1.29081],[103.85358,1.29098],[103.85356,1.29116],[103.85353,1.29131],[103.85349,1.29145],[103.85345,1.29158],[103.8534,1.29172]],[[103.8534,1.29172],[103.85335,1.29186],[103.85329,1.29198],[103.8532,1.29214],[103.8531,1.2923],[103.85266,1.29297],[103.85235,1.29343],[103.85224,1.2936],[103.85215,1.29374],[103.85211,1.29382],[103.85208,1.29388],[103.85205,1.29394],[103.85203,1.29399],[103.85201,1.29404],[103.85199,1.29409],[103.85196,1.29417]],[[103.85196,1.29417],[103.85193,1.29424],[103.8519,1.29435],[103.85187,1.29449],[103.85185,1.29463],[103.85183,1.29477],[103.85182,1.2949],[103.85182,1.29501],[103.85182,1.29514],[103.85183,1.29526],[103.85185,1.2954],[103.85188,1.29558],[103.85193,1.29575],[103.85199,1.29595],[103.85207,1.29613],[103.85215,1.29628],[103.85224,1.29642],[103.85231,1.29653],[103.85238,1.29661],[103.85255,1.29683],[103.85272,1.29703],[103.85338,1.29782],[103.85414,1.29872],[103.8549,1.29962],[103.85597,1.30087],[103.85625,1.30119],[103.85771,1.30282],[103.85836,1.30348],[103.85913,1.3042],[103.86079,1.30559],[103.86245,1.3071],[103.86277,1.30741],[103.86305,1.30768],[103.86397,1.30857],[103.86437,1.30887],[103.86483,1.30912],[103.86527,1.30932],[103.86579,1.3095],[103.8664,1.30965],[103.86705,1.30983],[103.868,1.31008]],[[103.868,1.31008],[103.86872,1.31026],[103.8691,1.31037],[103.86937,1.31045],[103.8696,1.31054],[103.86982,1.31063],[103.86996,1.3107]],[[103.86996,1.3107],[103.87024,1.31086],[103.87072,1.31117]],[[103.87072,1.31117],[103.87129,1.31153],[103.87188,1.31188],[103.87236,1.31217],[103.87329,1.31269],[103.87384,1.31301],[103.87417,1.31322],[103.87475,1.31362],[103.87492,1.31373],[103.87561,1.3142],[103.87619,1.3146],[103.87671,1.31496],[103.87699,1.31514],[103.87728,1.31529],[103.87759,1.31542],[103.87792,1.31553],[103.87825,1.31562],[103.87852,1.31568],[103.87915,1.31578],[103.88077,1.31607],[103.88127,1.31618],[103.88157,1.31626],[103.88187,1.31633],[103.88226,1.31639],[103.88289,1.31653],[103.88361,1.31664],[103.88434,1.31677],[103.88489,1.31683],[103.88567,1.31697],[103.88698,1.31721],[103.8906,1.31785],[103.89139,1.31799],[103.89218,1.3181],[103.893,1.3182],[103.89407,1.31834],[103.89495,1.3184],[103.89582,1.31849],[103.8962,1.31856],[103.89799,1.31891],[103.9003,1.31935],[103.90093,1.31949],[103.90148,1.31963],[103.90179,1.31969],[103.90288,1.31984],[103.90354,1.31993],[103.90452,1.32004],[103.90532,1.32006],[103.90612,1.32],[103.9064,1.31998],[103.90702,1.3199],[103.90744,1.3199],[103.90778,1.31993],[103.90794,1.31995],[103.90816,1.31999],[103.9091,1.32019],[103.91001,1.32039],[103.91084,1.32057],[103.91148,1.32076],[103.91218,1.32094],[103.91291,1.3211],[103.91364,1.32125],[103.91445,1.32139],[103.91538,1.3215],[103.91596,1.32152]],[[103.91596,1.32152],[103.91662,1.32151],[103.91733,1.3214],[103.91806,1.32133],[103.91866,1.3213],[103.9191,1.32133],[103.91955,1.32141],[103.92099,1.32192]],[[103.92099,1.32192],[103.92319,1.32266],[103.92402,1.32292],[103.9246,1.32306],[103.92524,1.32319],[103.92664,1.32343],[103.92745,1.32355],[103.92795,1.32364],[103.92877,1.32381],[103.92926,1.32392],[103.92951,1.32397],[103.9302,1.32406],[103.93088,1.32416],[103.93157,1.32421],[103.93197,1.32425],[103.93257,1.32429],[103.93294,1.32432],[103.93581,1.32467],[103.93731,1.32488],[103.94058,1.32532],[103.94075,1.32536],[103.94107,1.32547],[103.94159,1.3256],[103.94194,1.32569],[103.94328,1.32615],[103.94385,1.32637],[103.94479,1.32682],[103.94537,1.32709],[103.94642,1.32747],[103.94744,1.32785],[103.94782,1.32795],[103.94865,1.32817],[103.94903,1.32829],[103.94962,1.32848],[103.94986,1.32859],[103.95064,1.329],[103.95098,1.32914],[103.95152,1.32945],[103.95169,1.32954],[103.95185,1.3296],[103.95211,1.32978],[103.95247,1.33006],[103.95283,1.33033],[103.95314,1.33054],[103.95339,1.33069],[103.95366,1.33085],[103.95402,1.33105],[103.95433,1.33124],[103.95462,1.33145],[103.95501,1.33181],[103.95526,1.33209],[103.95549,1.3324],[103.95575,1.3328],[103.956,1.33334],[103.95618,1.33379],[103.95631,1.33423],[103.95642,1.33471],[103.95648,1.33507],[103.95654,1.33557],[103.95655,1.33592],[103.95652,1.33657],[103.95646,1.33693],[103.95641,1.33729],[103.95635,1.33758],[103.95624,1.33801],[103.95614,1.3385],[103.9561,1.33865],[103.95595,1.33932],[103.95577,1.33979],[103.95557,1.34024],[103.95531,1.34072],[103.95504,1.34109],[103.95475,1.34148],[103.95449,1.34177],[103.95415,1.34214],[103.95396,1.34236],[103.95382,1.34251],[103.95331,1.34314],[103.95274,1.34385],[103.95237,1.34433],[103.95212,1.34468],[103.95189,1.34498],[103.94647,1.35162],[103.94618,1.35199],[103.94577,1.35244],[103.9448,1.35359],[103.94464,1.35378],[103.94434,1.35419],[103.94405,1.35462],[103.94376,1.35521],[103.9436,1.35557],[103.94349,1.35615],[103.94346,1.35654],[103.94346,1.35693],[103.94348,1.35723],[103.94354,1.35752],[103.94369,1.35812],[103.94391,1.35875],[103.94408,1.35929],[103.9446,1.36099],[103.94504,1.36232],[103.94523,1.36286],[103.94549,1.36341],[103.94575,1.36396],[103.94599,1.36439],[103.94642,1.36509],[103.94691,1.36592],[103.94732,1.3667],[103.94771,1.36756],[103.94794,1.3682],[103.9481,1.36879],[103.94833,1.36961]],[[103.94833,1.36961],[103.94847,1.37013],[103.94868,1.37098],[103.9488,1.37145],[103.94904,1.37237],[103.94921,1.37304]],[[103.94933,1.37302],[103.94916,1.37235],[103.94886,1.3714],[103.94869,1.37074]],[[103.94869,1.37074],[103.94828,1.36926],[103.94815,1.36873],[103.94801,1.36821],[103.94777,1.36756],[103.94738,1.36669],[103.94697,1.36591],[103.94647,1.36509],[103.94605,1.36439],[103.94581,1.36396],[103.94555,1.3634],[103.9453,1.36286],[103.94511,1.36232],[103.94465,1.36101],[103.94395,1.35871],[103.94376,1.35812],[103.9436,1.35753],[103.94355,1.35725],[103.94353,1.35695],[103.94352,1.35665],[103.94352,1.35657],[103.94355,1.35618],[103.94357,1.35608],[103.94367,1.35562],[103.94382,1.35527],[103.94402,1.35486],[103.94423,1.35457],[103.9445,1.35423],[103.94476,1.35393],[103.94559,1.35288],[103.94586,1.35254],[103.94623,1.35203],[103.94652,1.35169],[103.95078,1.34647],[103.95194,1.34504],[103.95217,1.34475],[103.95242,1.34447],[103.95286,1.34394],[103.95345,1.34323],[103.9539,1.34269],[103.95426,1.34221],[103.95454,1.34184],[103.9548,1.34154],[103.9551,1.34116],[103.95537,1.34078],[103.95563,1.3403],[103.95583,1.33984],[103.95599,1.33936],[103.95616,1.33865],[103.95618,1.33853],[103.9563,1.33805],[103.95645,1.3373]],[[103.95645,1.3373],[103.95654,1.33702],[103.95661,1.3366],[103.95666,1.33592],[103.95665,1.3356],[103.9566,1.3351],[103.95654,1.33472],[103.95643,1.33424],[103.95632,1.33385]],[[103.95632,1.33385],[103.95621,1.33348],[103.95606,1.33304],[103.95585,1.33253],[103.95564,1.33216],[103.95538,1.33178],[103.95507,1.33142],[103.95471,1.33107],[103.95437,1.33073],[103.95401,1.33044],[103.95379,1.33027],[103.95351,1.3301],[103.95327,1.32998],[103.95293,1.32983],[103.95251,1.32967],[103.95207,1.32949],[103.95169,1.32933]],[[103.95169,1.32933],[103.95126,1.3291],[103.95048,1.32866],[103.95019,1.32852],[103.94996,1.32841],[103.94975,1.32832],[103.94868,1.32788],[103.94831,1.32775],[103.94799,1.32765],[103.9476,1.3275],[103.94721,1.32736],[103.94655,1.32713],[103.94577,1.32684],[103.94521,1.32666],[103.94424,1.32637]],[[103.94424,1.32637],[103.94255,1.32581],[103.94163,1.32552],[103.94059,1.32528],[103.93732,1.32483],[103.93582,1.32462],[103.93295,1.32427],[103.93258,1.32423],[103.93197,1.32416],[103.93156,1.32411],[103.93091,1.32403],[103.93022,1.32393],[103.92953,1.32384],[103.92879,1.32373],[103.92795,1.32359],[103.92747,1.3235],[103.92664,1.32338],[103.92525,1.32314],[103.92461,1.32302],[103.92403,1.32287],[103.92321,1.32262],[103.92101,1.32187]],[[103.92101,1.32187],[103.91955,1.32136],[103.91911,1.32128],[103.91866,1.32124],[103.91805,1.32128],[103.91733,1.32135],[103.91661,1.32145],[103.91595,1.32146]],[[103.91595,1.32146],[103.91538,1.32144],[103.91448,1.32127],[103.91369,1.32111],[103.91294,1.32095],[103.91221,1.32079],[103.91152,1.32065],[103.91083,1.32049],[103.91003,1.32033],[103.90912,1.32013],[103.90817,1.31993],[103.90779,1.31986],[103.90744,1.31984],[103.90702,1.31984],[103.90639,1.31992],[103.90533,1.32],[103.90433,1.31989],[103.90358,1.31979],[103.9029,1.3197],[103.90218,1.31961],[103.90148,1.31952],[103.90089,1.31942],[103.90033,1.31931],[103.898,1.31885],[103.89621,1.3185],[103.89576,1.3184],[103.89499,1.31829],[103.8941,1.31818],[103.8935,1.31811],[103.89329,1.31808],[103.89303,1.31805],[103.8922,1.31795],[103.89139,1.31788],[103.89061,1.31779],[103.88699,1.31715],[103.8849,1.31677],[103.88433,1.31663],[103.88378,1.31651],[103.88363,1.31649],[103.88293,1.31637],[103.88228,1.31625],[103.88174,1.31616],[103.88144,1.31612],[103.88086,1.31605],[103.87955,1.31582],[103.87843,1.31561],[103.87809,1.31554],[103.8778,1.31545],[103.87755,1.31536],[103.8773,1.31525],[103.87702,1.3151],[103.87674,1.31493],[103.87621,1.31457],[103.87565,1.31419],[103.87478,1.31359],[103.8742,1.31318],[103.87386,1.31296],[103.87332,1.31262],[103.87249,1.3121],[103.87195,1.31176],[103.87138,1.31141],[103.87081,1.31104]],[[103.87081,1.31104],[103.87054,1.31088],[103.87028,1.31073],[103.86997,1.31058]],[[103.86997,1.31058],[103.86969,1.31048],[103.86943,1.3104],[103.86911,1.31032],[103.86874,1.31022],[103.86801,1.31003]],[[103.86801,1.31003],[103.86706,1.30978],[103.86641,1.30961],[103.8658,1.30946],[103.86528,1.30927],[103.86484,1.30907],[103.8644,1.30883],[103.864,1.30853],[103.86308,1.30764],[103.8628,1.30737],[103.86248,1.30706],[103.86083,1.30555],[103.86038,1.30516],[103.85916,1.30416],[103.85838,1.30344],[103.85774,1.30279],[103.85635,1.3011],[103.85609,1.30079],[103.855,1.29953],[103.85431,1.2987],[103.85393,1.29826],[103.85354,1.29782],[103.8528,1.29701],[103.85262,1.29681],[103.85244,1.2966],[103.85236,1.29651],[103.85227,1.29639],[103.85218,1.29625],[103.8521,1.2961],[103.85202,1.29593],[103.85195,1.29575],[103.8519,1.29558],[103.85186,1.2954],[103.85184,1.29525],[103.85183,1.29512],[103.85183,1.295],[103.85183,1.2949],[103.85184,1.29477],[103.85186,1.29463],[103.85188,1.29449],[103.85191,1.29436],[103.85194,1.29424],[103.85196,1.29417]],[[103.85196,1.29417],[103.85199,1.29409],[103.85201,1.29404],[103.85203,1.29399],[103.85205,1.29395],[103.85208,1.29388],[103.85211,1.29382],[103.85215,1.29375],[103.85225,1.2936],[103.85235,1.29343],[103.85268,1.29294],[103.8531,1.2923],[103.8532,1.29214],[103.85329,1.29199],[103.85336,1.29186],[103.85343,1.2917]],[[103.85343,1.2917],[103.85347,1.29158],[103.85352,1.29146],[103.85356,1.29131],[103.8536,1.29115],[103.85362,1.29099],[103.85364,1.29082],[103.85365,1.29062],[103.85364,1.29042],[103.85363,1.29026],[103.85359,1.29003],[103.85355,1.28988],[103.85349,1.28967],[103.85342,1.2895],[103.85335,1.28934],[103.85328,1.28921],[103.85317,1.28902],[103.85305,1.28886],[103.85269,1.28841],[103.8526,1.28829],[103.8525,1.28816],[103.85239,1.28799],[103.8523,1.28784],[103.85219,1.28764],[103.85211,1.28745],[103.85201,1.28719]],[[103.85201,1.28719],[103.85191,1.28692],[103.85182,1.28666],[103.85176,1.28645],[103.85169,1.28624],[103.85164,1.28606],[103.85159,1.28585],[103.85156,1.28566],[103.85155,1.28549],[103.85153,1.28529],[103.85151,1.28508],[103.85147,1.28464],[103.85145,1.2844],[103.85138,1.2836],[103.85134,1.28319],[103.85132,1.28302],[103.85129,1.28286],[103.85126,1.28272],[103.85122,1.2826],[103.85117,1.28246],[103.85112,1.28235],[103.85107,1.28223],[103.85101,1.28212],[103.85095,1.28201],[103.85089,1.28191],[103.85082,1.28181]],[[103.85082,1.28181],[103.85068,1.28163],[103.85024,1.28107],[103.84999,1.28076],[103.84987,1.28058],[103.84975,1.28039],[103.84934,1.27967],[103.84913,1.2793],[103.84892,1.27895],[103.8485,1.27827],[103.84809,1.2776],[103.84797,1.27743],[103.84789,1.27733],[103.84776,1.2772],[103.84763,1.27709],[103.84748,1.27696],[103.84726,1.27682],[103.8471,1.27675],[103.84694,1.27667],[103.84674,1.2766],[103.84658,1.27657],[103.84641,1.27653],[103.84578,1.27646],[103.8448,1.27635],[103.8441,1.27632],[103.84366,1.27638],[103.84322,1.27654],[103.8428,1.27677],[103.84237,1.27714],[103.84196,1.27764],[103.84122,1.27934],[103.84083,1.27999],[103.84058,1.28027]],[[103.84058,1.28027],[103.8404,1.28047],[103.83982,1.28088]],[[103.83982,1.28088],[103.8393,1.28123],[103.8384,1.28182]],[[103.8384,1.28182],[103.83814,1.282],[103.83642,1.28312],[103.8358,1.28353],[103.8352,1.28392],[103.83494,1.28409],[103.83471,1.28426],[103.83443,1.28452],[103.83383,1.28523],[103.83353,1.28547],[103.83316,1.28573],[103.83287,1.28586],[103.83255,1.28596],[103.83225,1.28598],[103.83194,1.28597],[103.82949,1.28582],[103.8284,1.28586],[103.82716,1.28608],[103.82586,1.2864],[103.8252,1.28661],[103.82457,1.28696],[103.82298,1.28819],[103.82237,1.28851],[103.82204,1.28859],[103.82166,1.28866],[103.82106,1.28869],[103.82048,1.28873],[103.81997,1.28875]],[[103.81997,1.28875],[103.81972,1.28876],[103.81958,1.28876]],[[103.81958,1.28876],[103.81901,1.28878],[103.81873,1.28881],[103.81835,1.28888],[103.81798,1.28898],[103.81772,1.2891],[103.81736,1.28927],[103.81674,1.28959],[103.81605,1.28995],[103.8155,1.29021],[103.8149,1.29038],[103.8105,1.29099],[103.81006,1.29108],[103.80988,1.29114],[103.80961,1.29123],[103.80939,1.2913],[103.80918,1.29138],[103.80895,1.29149],[103.80867,1.29166],[103.80839,1.2919],[103.80745,1.29274],[103.80703,1.29312],[103.80682,1.29335],[103.80661,1.2936],[103.80632,1.29402],[103.80596,1.29459],[103.80561,1.29514],[103.80543,1.29542],[103.80535,1.29557],[103.80495,1.29632],[103.80459,1.29679],[103.8043,1.29709],[103.80349,1.29781],[103.80154,1.29952],[103.80099,1.30004],[103.79988,1.30102],[103.79947,1.30137],[103.7991,1.30167],[103.79906,1.30171],[103.79875,1.30196],[103.79827,1.30239],[103.79774,1.30285],[103.79749,1.30306],[103.79724,1.30333],[103.79702,1.30354],[103.7963,1.30418],[103.7947,1.30561],[103.7943,1.30597],[103.79406,1.30617],[103.79381,1.30636],[103.79359,1.3065],[103.79325,1.30667],[103.79277,1.30685],[103.79237,1.30694],[103.79198,1.307],[103.79139,1.30706],[103.79071,1.30712],[103.78985,1.3072],[103.78933,1.30726],[103.7888,1.30733],[103.7883,1.30742],[103.78783,1.3075],[103.7876,1.30752],[103.78617,1.30767],[103.78553,1.30778],[103.78431,1.30797],[103.78403,1.30809],[103.78375,1.30822],[103.78344,1.30841],[103.78305,1.30865],[103.77941,1.3109],[103.7786,1.3114],[103.77798,1.31178],[103.77761,1.31199],[103.77723,1.31218],[103.7768,1.31234],[103.7763,1.31245],[103.77576,1.3125],[103.77497,1.31243],[103.774,1.31232],[103.77259,1.31214],[103.77008,1.31188],[103.76927,1.3118],[103.76898,1.31181],[103.76869,1.31183],[103.76846,1.31187],[103.76822,1.31192],[103.76797,1.31198],[103.76765,1.31211],[103.76733,1.31225],[103.76699,1.31248],[103.76653,1.31286],[103.76613,1.3133],[103.76581,1.31373],[103.76552,1.31423],[103.76516,1.31507],[103.76487,1.31572],[103.7646,1.31646],[103.7644,1.31695],[103.76403,1.31751],[103.76324,1.31869],[103.76247,1.31984],[103.76185,1.32077],[103.76156,1.32121],[103.76138,1.32152],[103.76126,1.32176],[103.7611,1.32208],[103.76079,1.32277],[103.76063,1.32311],[103.76043,1.32355],[103.76001,1.3245],[103.75977,1.32497],[103.75965,1.32517],[103.75944,1.32549],[103.7591,1.32587],[103.75899,1.32597],[103.75887,1.32606],[103.75875,1.32614],[103.75862,1.32622],[103.75819,1.32644],[103.75779,1.3266],[103.75751,1.32669],[103.75547,1.32712],[103.75494,1.32724],[103.75435,1.32741],[103.75375,1.32757],[103.75333,1.3277],[103.75236,1.32808],[103.75189,1.32818],[103.7514,1.32825],[103.75092,1.32827],[103.74993,1.32823],[103.74945,1.32827],[103.74881,1.3284],[103.74836,1.32858],[103.74774,1.32888],[103.74732,1.32909],[103.74648,1.32952],[103.74612,1.3297],[103.7459,1.32981],[103.74553,1.33],[103.74537,1.33007],[103.74464,1.33044],[103.74424,1.33064],[103.74399,1.33077],[103.74379,1.33088],[103.74363,1.331],[103.74346,1.33113],[103.74329,1.33127],[103.7431,1.33146],[103.74297,1.3316],[103.74283,1.33177],[103.74271,1.33196],[103.7425,1.33233],[103.74212,1.333],[103.74176,1.33362],[103.74163,1.33388],[103.7413,1.33445],[103.74079,1.33542],[103.74039,1.33616],[103.74033,1.33625],[103.74028,1.33634],[103.74021,1.33643],[103.74015,1.33652],[103.74002,1.33668],[103.73994,1.33678],[103.7399,1.33683],[103.73985,1.33687],[103.73976,1.33695],[103.73921,1.33739],[103.73835,1.33807],[103.73751,1.33873],[103.73635,1.3396],[103.73545,1.34028],[103.73421,1.34117],[103.73327,1.34177],[103.73259,1.3423],[103.7325,1.34236],[103.73197,1.34274],[103.73186,1.34282],[103.73132,1.34321],[103.73079,1.34352],[103.7302,1.34381],[103.72981,1.34392],[103.72937,1.34401],[103.72892,1.34406],[103.72753,1.34407],[103.72721,1.34408],[103.72696,1.34411],[103.72677,1.34413],[103.7266,1.34417],[103.72505,1.34458],[103.72461,1.34468],[103.72432,1.34473],[103.72386,1.34478],[103.72334,1.34477],[103.72283,1.34471],[103.7224,1.3446],[103.72144,1.34436],[103.72071,1.34418],[103.71953,1.34388],[103.71878,1.34368],[103.7174,1.34323],[103.71585,1.34261],[103.71056,1.34069],[103.70995,1.34042],[103.70791,1.33941],[103.70731,1.33909],[103.70669,1.3388],[103.70584,1.33848],[103.70511,1.3382],[103.70397,1.33784],[103.70331,1.33768],[103.70272,1.33759],[103.70176,1.33757],[103.69966,1.33756],[103.69837,1.33752],[103.69741,1.33752],[103.69681,1.33751],[103.69616,1.33751],[103.69545,1.33749],[103.69451,1.33732],[103.69397,1.33718],[103.69372,1.33708],[103.69345,1.33696],[103.69311,1.33675],[103.6929,1.3366],[103.69268,1.3364],[103.69232,1.33603],[103.69203,1.33569],[103.6915,1.33506],[103.69106,1.33452],[103.68901,1.33181],[103.68884,1.33157],[103.68869,1.33131],[103.68855,1.33109],[103.68844,1.33084],[103.6882,1.33007],[103.68801,1.32956],[103.68777,1.32913],[103.68752,1.3288],[103.68725,1.32854],[103.68693,1.32828],[103.68662,1.32811],[103.68643,1.328],[103.68622,1.32792],[103.68601,1.32785],[103.68579,1.3278],[103.68557,1.32776],[103.68539,1.32774],[103.68522,1.32773],[103.68455,1.32773],[103.68288,1.32773],[103.68203,1.32773]],[[103.68203,1.32773],[103.68148,1.32773],[103.68091,1.32773],[103.68028,1.32772],[103.67997,1.3277],[103.67965,1.32769],[103.67936,1.32768],[103.67896,1.32768],[103.67825,1.32767],[103.6776,1.32768],[103.6775,1.32767]],[[103.6775,1.32767],[103.67699,1.32768],[103.67662,1.3277],[103.67629,1.3277],[103.67589,1.32768],[103.67524,1.32764]],[[103.67524,1.32764],[103.67331,1.3275],[103.67304,1.32748],[103.67271,1.32744],[103.67242,1.32742],[103.67195,1.32738],[103.67077,1.32729],[103.66982,1.32722],[103.66844,1.32712],[103.66815,1.3271],[103.66777,1.32708],[103.6674,1.32704],[103.66712,1.32699],[103.66687,1.32692],[103.66662,1.32682],[103.66638,1.32672],[103.66617,1.32659],[103.66597,1.32646],[103.66583,1.32635],[103.66568,1.32622],[103.66552,1.32606],[103.6654,1.32593],[103.66501,1.32537],[103.66446,1.32451],[103.66391,1.32371],[103.66347,1.32305],[103.66306,1.32248],[103.66222,1.32141],[103.66206,1.3212],[103.66188,1.32101]],[[103.66188,1.32101],[103.66127,1.32037],[103.66059,1.31965],[103.65991,1.31895]],[[103.65991,1.31895],[103.6591,1.31809],[103.658,1.31695]],[[103.658,1.31695],[103.65777,1.31671],[103.65753,1.31654],[103.65735,1.31641],[103.65711,1.31628],[103.65684,1.31616],[103.65662,1.31608],[103.65633,1.316],[103.65609,1.31596],[103.65583,1.31594],[103.65563,1.31594],[103.65534,1.31595],[103.65506,1.31599],[103.6548,1.31606],[103.65449,1.31617],[103.65427,1.31626],[103.65396,1.31644],[103.65369,1.31664],[103.65348,1.31682],[103.65186,1.31835],[103.65048,1.31967],[103.64996,1.32011],[103.6497,1.32033],[103.64885,1.32111],[103.64821,1.32172],[103.64798,1.32194],[103.64745,1.32249],[103.64715,1.32278],[103.64622,1.32371],[103.64245,1.32729],[103.64117,1.32851],[103.6406,1.32899],[103.64021,1.32934],[103.63951,1.33001],[103.63892,1.33057],[103.6378,1.33164],[103.63743,1.33196],[103.63701,1.33237],[103.63611,1.33318],[103.63596,1.33333],[103.6358,1.33353],[103.63567,1.33372],[103.63556,1.3339],[103.63544,1.33414],[103.63536,1.33433],[103.63529,1.33455],[103.63524,1.33476],[103.6352,1.33499],[103.63518,1.33518],[103.63517,1.33539],[103.63517,1.33558],[103.63519,1.3358],[103.63522,1.33603],[103.63527,1.33623],[103.63532,1.33641],[103.63541,1.33666],[103.63558,1.33716],[103.63631,1.33921]],[[103.63631,1.33921],[103.63638,1.33937],[103.63671,1.34033],[103.63701,1.34118]],[[103.63701,1.34118],[103.63713,1.3415],[103.63718,1.34163]],[[103.63718,1.34163],[103.63725,1.34182],[103.63732,1.34198],[103.63738,1.34214],[103.63747,1.34231],[103.63755,1.34248],[103.63764,1.34268],[103.63774,1.34292],[103.63783,1.34316],[103.63793,1.34345]],[[103.94422,1.32648],[103.94499,1.32674],[103.94565,1.32692]],[[103.94565,1.32692],[103.94588,1.32701],[103.94651,1.32724],[103.94723,1.32751],[103.94761,1.32765]],[[103.94761,1.32765],[103.94826,1.32788],[103.94961,1.32838],[103.94999,1.32853],[103.95032,1.32868],[103.9506,1.32884],[103.95092,1.32902],[103.95124,1.3292],[103.95145,1.32931],[103.95164,1.32942],[103.95192,1.32959],[103.95213,1.32975],[103.95247,1.33002],[103.95273,1.33019],[103.95302,1.33037],[103.95324,1.33049],[103.95354,1.33063]],[[103.95354,1.33063],[103.95387,1.33076],[103.95416,1.33085],[103.95455,1.33094]],[[103.95455,1.33094],[103.95497,1.33104],[103.95537,1.33114],[103.95591,1.33127],[103.95628,1.33136],[103.95676,1.33147],[103.95719,1.33157]],[[103.95719,1.33157],[103.95772,1.33171],[103.95823,1.33183],[103.95855,1.33192],[103.95887,1.33204],[103.95913,1.33216],[103.95941,1.3323],[103.95967,1.33246],[103.95993,1.33265],[103.96014,1.33282],[103.96038,1.33305],[103.96064,1.33333],[103.96088,1.33369],[103.96097,1.33381],[103.96105,1.33394],[103.96166,1.33486],[103.96194,1.3353],[103.96208,1.33554],[103.96294,1.33692]],[[103.96294,1.33692],[103.96426,1.339],[103.9645,1.33938]],[[103.9645,1.33938],[103.96454,1.33944]],[[103.96454,1.33944],[103.9652,1.34048],[103.96567,1.34099],[103.9661,1.34136],[103.96646,1.34158],[103.96682,1.34175],[103.96728,1.3419],[103.96963,1.34245],[103.97008,1.34259],[103.97058,1.34281],[103.97096,1.34303],[103.97132,1.34328],[103.97171,1.34363],[103.97202,1.34398],[103.97233,1.34441],[103.9726,1.34488],[103.97403,1.34831],[103.97585,1.35259],[103.97743,1.35635]],[[103.97743,1.35635],[103.97778,1.35696],[103.97825,1.35763],[103.9788,1.35814],[103.97924,1.3585],[103.97998,1.35895],[103.9808,1.35925],[103.98149,1.35944],[103.98205,1.35951],[103.98258,1.35953],[103.98321,1.35948],[103.98398,1.35926],[103.98502,1.35884],[103.9852,1.35877],[103.98562,1.35861]],[[103.98562,1.35861],[103.98857,1.3574],[103.98971,1.35692]],[[103.98558,1.35846],[103.98847,1.35711],[103.98962,1.35665]],[[103.98558,1.35846],[103.98517,1.35861],[103.98369,1.35917],[103.98312,1.35933],[103.98256,1.35938],[103.98195,1.35936],[103.98144,1.35928],[103.98074,1.3591],[103.98007,1.35885],[103.97943,1.35846],[103.97894,1.3581],[103.97841,1.35755],[103.97803,1.3571],[103.97758,1.35635],[103.97277,1.345],[103.97249,1.34442],[103.97219,1.34399],[103.97188,1.34361],[103.9716,1.34334],[103.97104,1.34291],[103.97046,1.34259],[103.96995,1.3424],[103.9681,1.34195],[103.96719,1.34174],[103.96688,1.34162],[103.96646,1.34142],[103.96608,1.34116],[103.96568,1.34082],[103.96531,1.34038],[103.96449,1.33908],[103.96306,1.33684]],[[103.96306,1.33684],[103.96202,1.33522],[103.96103,1.33363],[103.96087,1.33342],[103.96067,1.33318],[103.96047,1.33297],[103.96023,1.33277],[103.95996,1.33255],[103.95975,1.33241],[103.95953,1.33228],[103.95932,1.33217],[103.95909,1.33207],[103.9589,1.33199],[103.95866,1.33191],[103.95841,1.33184],[103.95815,1.33177]],[[103.95815,1.33177],[103.95738,1.33159],[103.95696,1.33149],[103.95645,1.33136],[103.95606,1.33126],[103.95585,1.3312],[103.95564,1.33113],[103.95536,1.33102],[103.95508,1.3309],[103.95453,1.33067],[103.9542,1.33053],[103.95389,1.33039],[103.95367,1.3303],[103.95314,1.33005],[103.95254,1.32977],[103.95239,1.3297],[103.95203,1.32954],[103.95169,1.32938],[103.95125,1.32916],[103.95097,1.32899],[103.95059,1.32878],[103.9503,1.32862],[103.95,1.32847],[103.94964,1.32831],[103.94886,1.328],[103.94863,1.32792],[103.94849,1.32787],[103.94827,1.32782],[103.94791,1.32772],[103.94761,1.32765]]]},"properties":{"ref":"EWL","name":"East West Line","colour":"#009645","lrt":0,"building":0}},{"type":"Feature","geometry":{"type":"MultiLineString","coordinates":[[[103.82035,1.26547],[103.82047,1.26548],[103.8215,1.26554],[103.82266,1.26561]],[[103.82266,1.26561],[103.82314,1.26562],[103.82361,1.26566]],[[103.82361,1.26566],[103.82425,1.26576],[103.8247,1.26591],[103.82498,1.26603],[103.82539,1.26627],[103.82568,1.26648],[103.82619,1.26694],[103.82715,1.2679],[103.82821,1.26895],[103.82895,1.26968],[103.83014,1.27086],[103.83099,1.27169],[103.83178,1.27254],[103.83313,1.27411],[103.83492,1.27605],[103.83532,1.27647],[103.83572,1.27684],[103.83614,1.27713],[103.83698,1.27764],[103.83742,1.27792],[103.83766,1.27811],[103.83818,1.27858],[103.83869,1.27903]],[[103.83869,1.27903],[103.83907,1.27937],[103.83966,1.27998],[103.84031,1.2806],[103.84068,1.28097]],[[103.84068,1.28097],[103.84107,1.28145],[103.8416,1.28221],[103.84201,1.28272],[103.84248,1.28328],[103.84352,1.28451],[103.84437,1.28554],[103.84492,1.28609],[103.84532,1.28642],[103.84584,1.28698],[103.84641,1.28788],[103.8467,1.28876],[103.84692,1.28976],[103.84705,1.29059],[103.84703,1.29118],[103.84693,1.29178],[103.8466,1.29252],[103.84466,1.29578],[103.84453,1.29609],[103.84443,1.29649],[103.84438,1.29675],[103.84435,1.29758],[103.84439,1.29789],[103.84444,1.29815],[103.84455,1.29849],[103.84465,1.29876],[103.84483,1.29913],[103.84536,1.30007],[103.84582,1.30094],[103.84637,1.30195],[103.84718,1.30342],[103.84781,1.30453],[103.84811,1.30506],[103.84838,1.30543],[103.84872,1.30587],[103.84937,1.30667],[103.85053,1.30818],[103.85107,1.3089],[103.85189,1.30996],[103.85257,1.31084],[103.85309,1.31147],[103.85337,1.31173],[103.85417,1.31249],[103.85504,1.31334],[103.85555,1.31382],[103.85625,1.31443],[103.85683,1.31499],[103.85751,1.31565],[103.85789,1.31596],[103.85859,1.31639],[103.85903,1.31671],[103.8593,1.31695],[103.85968,1.31733],[103.86059,1.31825],[103.86076,1.31843],[103.8617,1.31955],[103.86245,1.32045]],[[103.86245,1.32045],[103.86348,1.32179],[103.86384,1.32237],[103.86422,1.3229],[103.86518,1.32417],[103.86564,1.32464],[103.86624,1.32516],[103.86664,1.32557],[103.86698,1.32598],[103.86772,1.32689],[103.86793,1.32727],[103.86819,1.32785],[103.86856,1.32919],[103.86882,1.33023],[103.86909,1.33132],[103.86956,1.33334],[103.86972,1.33407],[103.87011,1.33537],[103.87022,1.33575],[103.87052,1.33697],[103.87061,1.33756],[103.87067,1.33821],[103.87068,1.3393],[103.87069,1.34015],[103.87069,1.34055],[103.87065,1.3415],[103.8706,1.34233],[103.87056,1.34341]],[[103.87056,1.34341],[103.87059,1.34396],[103.87068,1.34447],[103.87085,1.34501],[103.87104,1.34547],[103.87144,1.34634],[103.87184,1.3472],[103.87219,1.34788],[103.87238,1.3482],[103.87261,1.34852],[103.87287,1.34885],[103.87367,1.34981],[103.87389,1.35007],[103.87409,1.3503],[103.87445,1.35066],[103.87587,1.35201],[103.87736,1.35338],[103.87803,1.35399],[103.87911,1.35485],[103.88039,1.35589],[103.88102,1.35647],[103.88161,1.357],[103.88234,1.35767],[103.88295,1.35823],[103.88468,1.35981],[103.88486,1.35999],[103.88608,1.36114],[103.88842,1.36335],[103.88963,1.3645],[103.89006,1.36491],[103.89025,1.36509],[103.89044,1.36529],[103.89068,1.36557],[103.8909,1.36585],[103.89105,1.36607],[103.8912,1.3663],[103.89143,1.36668],[103.89153,1.36687],[103.89162,1.36706],[103.89173,1.36731],[103.89184,1.36755],[103.89193,1.36783],[103.89202,1.36811],[103.89213,1.3685],[103.8922,1.36886],[103.89227,1.36923],[103.89231,1.3697],[103.89231,1.36984],[103.89232,1.36998],[103.89232,1.37009],[103.89232,1.37166],[103.89232,1.37216],[103.89232,1.37235],[103.89233,1.37251],[103.89234,1.37266],[103.89234,1.37269],[103.89234,1.37274],[103.89235,1.37281],[103.89239,1.37329],[103.8924,1.37342],[103.89241,1.37355],[103.89241,1.37367],[103.89242,1.37379],[103.89242,1.37389],[103.89246,1.37676],[103.89248,1.37808],[103.89249,1.37824],[103.89249,1.37848],[103.8925,1.37862],[103.89251,1.37881],[103.89252,1.37894],[103.89254,1.37909],[103.89255,1.37919],[103.89256,1.3793],[103.89258,1.37942],[103.89261,1.3797],[103.89267,1.38012],[103.89268,1.3802],[103.89276,1.38081],[103.89284,1.38146],[103.89285,1.38157],[103.89286,1.38167],[103.89298,1.38306],[103.89304,1.38384],[103.89305,1.38398],[103.89306,1.3841],[103.89309,1.38428],[103.89311,1.38439],[103.89313,1.38451],[103.89316,1.38464],[103.89322,1.38487],[103.89343,1.38559],[103.89359,1.38618],[103.89376,1.38675],[103.8938,1.38689],[103.89384,1.38702],[103.8939,1.38717],[103.89392,1.38724],[103.89398,1.38739],[103.89413,1.38775],[103.8942,1.38793],[103.89427,1.38812],[103.89435,1.38835],[103.89447,1.3887],[103.89451,1.38882],[103.89455,1.38895],[103.89458,1.38903],[103.89462,1.38917],[103.89465,1.38927],[103.89468,1.38937],[103.89472,1.38953],[103.89477,1.38974],[103.89483,1.38999],[103.8949,1.39024],[103.89497,1.39045],[103.895,1.39054],[103.89512,1.39088],[103.89532,1.39146],[103.89575,1.39272],[103.8959,1.39314],[103.89601,1.39338],[103.8961,1.39358],[103.89624,1.39385],[103.89632,1.394],[103.89665,1.39463],[103.89684,1.39499],[103.89701,1.39531],[103.89716,1.3956],[103.89808,1.39731],[103.89888,1.39876],[103.89942,1.39975],[103.9003,1.40136],[103.90074,1.40216],[103.9013,1.4033],[103.90158,1.40384],[103.90235,1.40524]],[[103.90235,1.40524],[103.90291,1.40625]],[[103.90291,1.40625],[103.90293,1.40628],[103.90356,1.40744],[103.90373,1.40775],[103.90386,1.40808],[103.90397,1.40843],[103.90404,1.40874],[103.90408,1.40912],[103.90419,1.4106],[103.90432,1.41138],[103.90453,1.41195],[103.90474,1.41233],[103.90489,1.41257],[103.90521,1.41298],[103.90559,1.41333],[103.90602,1.41364],[103.90653,1.41391],[103.90703,1.4141],[103.90906,1.41465]],[[103.90906,1.41465],[103.90951,1.41477]],[[103.90951,1.41477],[103.91014,1.41495],[103.91107,1.4152],[103.91225,1.41551],[103.91297,1.41558],[103.91348,1.41557],[103.91395,1.41551]],[[103.91393,1.41543],[103.91349,1.41548],[103.91298,1.41546],[103.91221,1.41535],[103.91111,1.41505],[103.91018,1.4148],[103.90951,1.41462]],[[103.90951,1.41462],[103.90906,1.41449]],[[103.90906,1.41449],[103.90708,1.41395],[103.9066,1.41378],[103.9061,1.41353],[103.90569,1.41325],[103.90529,1.41288],[103.90498,1.41247],[103.90486,1.41228],[103.90468,1.41195],[103.90445,1.41136],[103.90434,1.41055],[103.90413,1.40897],[103.90409,1.40873],[103.90403,1.40842],[103.90392,1.40806],[103.90381,1.40778],[103.90364,1.40742],[103.90305,1.40622],[103.90303,1.40619]],[[103.90303,1.40619],[103.90248,1.40518],[103.90169,1.40377],[103.90113,1.40273],[103.9008,1.40214],[103.90036,1.40134],[103.89948,1.39973],[103.89894,1.39875],[103.89814,1.3973],[103.89721,1.39558],[103.89706,1.39529],[103.89657,1.39435],[103.89638,1.39398],[103.89628,1.39375],[103.8962,1.39358],[103.89612,1.39336],[103.89602,1.39309],[103.89587,1.39267],[103.89545,1.39142],[103.89524,1.39083],[103.8951,1.39041],[103.89487,1.38972],[103.89468,1.38918],[103.89457,1.38884],[103.89446,1.38854],[103.89439,1.38833],[103.89433,1.38813],[103.89428,1.38796],[103.89416,1.38755],[103.8941,1.38735],[103.89395,1.3868],[103.89359,1.38557],[103.89341,1.38495],[103.89332,1.38463],[103.8933,1.38453],[103.89327,1.38441],[103.89325,1.3843],[103.89323,1.38421],[103.8932,1.38403],[103.89319,1.38394],[103.89318,1.38383],[103.89311,1.38306],[103.893,1.38166],[103.89298,1.38154],[103.89296,1.38139],[103.89294,1.38128],[103.89292,1.38114],[103.89289,1.38101],[103.89286,1.38089],[103.89283,1.38076],[103.89281,1.38064],[103.89278,1.38049],[103.89275,1.3803],[103.89273,1.38012],[103.89271,1.38002],[103.89267,1.37967],[103.89264,1.37945],[103.89261,1.37926],[103.89259,1.37903],[103.89257,1.37885],[103.89256,1.3787],[103.89255,1.37855],[103.89255,1.37846],[103.89255,1.37836],[103.89254,1.37816],[103.89252,1.37676],[103.89249,1.37492],[103.89247,1.37322],[103.89246,1.3729],[103.89245,1.37256],[103.89244,1.37215],[103.89244,1.37166],[103.89246,1.3701],[103.89246,1.36997],[103.89245,1.36974],[103.89243,1.36952],[103.89239,1.3692],[103.89234,1.36884],[103.89227,1.36849],[103.89215,1.36807],[103.89206,1.36777],[103.89195,1.36749],[103.89185,1.36722],[103.89173,1.36697],[103.89164,1.36679],[103.89155,1.36662],[103.89134,1.36626],[103.89119,1.36603],[103.89104,1.3658],[103.89081,1.36552],[103.89057,1.36523],[103.89033,1.36498],[103.89008,1.36474],[103.88852,1.36324],[103.8862,1.36103],[103.88496,1.35989],[103.8844,1.35938],[103.88304,1.35812],[103.88244,1.35758],[103.8817,1.3569],[103.88113,1.35638],[103.88047,1.35578],[103.88035,1.35568],[103.87925,1.35474],[103.87814,1.35383],[103.87747,1.35321],[103.87601,1.35191],[103.87461,1.35062],[103.87427,1.35028],[103.87398,1.34996],[103.87378,1.34972],[103.87297,1.34876],[103.8727,1.34838],[103.87246,1.34803],[103.87233,1.34781],[103.87183,1.34676],[103.87162,1.34631],[103.8712,1.34541],[103.87101,1.34499],[103.87085,1.3444],[103.87077,1.34394],[103.87073,1.34344],[103.87079,1.34236],[103.87083,1.34153],[103.87083,1.34053],[103.87083,1.34014],[103.87083,1.33929],[103.8708,1.33823],[103.87076,1.33756],[103.87067,1.3369],[103.87038,1.33572],[103.87026,1.33534],[103.86992,1.33398],[103.86976,1.33337],[103.86948,1.33227],[103.86925,1.3313],[103.86896,1.33019],[103.8687,1.32913],[103.86836,1.32795],[103.86822,1.32751],[103.86808,1.32723],[103.86783,1.32683],[103.86708,1.32587],[103.86674,1.32547],[103.86637,1.32509],[103.86578,1.32451],[103.86541,1.3241],[103.86455,1.32305],[103.86427,1.32269],[103.86399,1.32229],[103.86358,1.32167],[103.86255,1.32037],[103.86181,1.31948],[103.86085,1.31833],[103.8607,1.31817],[103.85978,1.31725],[103.85913,1.31662],[103.85878,1.31633],[103.85793,1.3158],[103.85745,1.31543],[103.85692,1.31494],[103.85633,1.31438],[103.85569,1.31379],[103.85514,1.31325],[103.85427,1.3124],[103.85346,1.31164],[103.8531,1.3113],[103.85266,1.31079],[103.85202,1.30997],[103.85115,1.30884],[103.8506,1.30811],[103.84946,1.3066],[103.84882,1.30579],[103.8485,1.30537],[103.84824,1.305],[103.84792,1.30447],[103.84728,1.30334],[103.84649,1.30189],[103.84591,1.30084],[103.84547,1.29999],[103.84496,1.29908],[103.8448,1.29872],[103.8447,1.29836],[103.84463,1.29806],[103.84459,1.2977],[103.84458,1.29735],[103.84463,1.29685],[103.84473,1.29637],[103.84491,1.29593],[103.84679,1.29249],[103.84704,1.29194],[103.84718,1.2913],[103.84717,1.2905],[103.84702,1.28949],[103.84684,1.28871],[103.84655,1.28783],[103.84592,1.28692],[103.84542,1.28637],[103.84503,1.286],[103.84449,1.28544],[103.84363,1.28444],[103.84256,1.2832],[103.84207,1.28263],[103.8417,1.28213],[103.84124,1.28143],[103.8408,1.28091]],[[103.8408,1.28091],[103.84045,1.2805],[103.83978,1.27985],[103.83918,1.27926],[103.83877,1.27893]],[[103.83877,1.27893],[103.83831,1.2785],[103.83778,1.27802],[103.8375,1.27779],[103.83709,1.2775],[103.83637,1.2771],[103.83597,1.27683],[103.83575,1.27667],[103.83551,1.27645],[103.83513,1.27608],[103.83331,1.2741],[103.832,1.27242],[103.83138,1.27176],[103.83072,1.27112],[103.82919,1.26958],[103.82849,1.26888],[103.82741,1.26782],[103.82646,1.26687],[103.8261,1.26653],[103.82577,1.26626],[103.82546,1.26607],[103.82493,1.26581],[103.82463,1.26571],[103.82418,1.26562],[103.82382,1.26558]],[[103.82382,1.26558],[103.82324,1.26556],[103.82267,1.26551]],[[103.82267,1.26551],[103.82151,1.26543],[103.82049,1.26535],[103.82035,1.26535]]]},"properties":{"ref":"NEL","name":"North East Line","colour":"#9016b2","lrt":0,"building":0}},{"type":"Feature","geometry":{"type":"MultiLineString","coordinates":[[[103.86115,1.29234],[103.86116,1.29287],[103.86116,1.29387],[103.86114,1.2942],[103.86113,1.29461],[103.86105,1.29511],[103.86089,1.29607],[103.86084,1.2964],[103.86082,1.29663],[103.8608,1.29689],[103.86083,1.29737],[103.86091,1.2977],[103.86103,1.29805],[103.8612,1.29833],[103.86138,1.29857],[103.86174,1.299],[103.86206,1.29919],[103.8624,1.29934],[103.86365,1.29984],[103.86422,1.30008],[103.86485,1.30033],[103.86514,1.30043],[103.86538,1.3005],[103.86572,1.30057],[103.86725,1.30083],[103.86764,1.3009],[103.8681,1.30103],[103.86951,1.30148],[103.87002,1.30164],[103.87029,1.3017],[103.87054,1.30174],[103.87094,1.30177],[103.87138,1.30179],[103.87184,1.30181],[103.87202,1.30182],[103.87223,1.30185],[103.87247,1.3019],[103.87273,1.30196],[103.87334,1.30214],[103.87387,1.3023],[103.87438,1.30248],[103.87535,1.30293],[103.87626,1.30336],[103.87788,1.30412],[103.88165,1.3059],[103.88242,1.30626],[103.88312,1.30659],[103.88532,1.30763],[103.88569,1.30779],[103.88609,1.30795],[103.88652,1.30805],[103.88695,1.30813],[103.88774,1.30826],[103.88856,1.3084],[103.88944,1.30856],[103.8899,1.30864],[103.89038,1.3088],[103.89053,1.30887],[103.8907,1.30896],[103.89093,1.30912],[103.89111,1.30927],[103.89128,1.30943],[103.89141,1.30958],[103.89153,1.30974],[103.89172,1.31006],[103.89185,1.31036],[103.89192,1.31059],[103.89197,1.31083],[103.892,1.31111],[103.89201,1.3114],[103.89192,1.31271],[103.89192,1.31335],[103.89197,1.31371],[103.89202,1.31402],[103.8922,1.31505],[103.89227,1.31557],[103.89227,1.31607],[103.89225,1.31646],[103.89221,1.31673],[103.89214,1.31732],[103.89202,1.31824],[103.8919,1.31887],[103.89173,1.31955],[103.89153,1.32025],[103.8913,1.32095],[103.89111,1.32181],[103.89095,1.32264],[103.89072,1.3238],[103.89042,1.32544],[103.89028,1.32611],[103.89016,1.32674],[103.89006,1.32727],[103.8898,1.32865],[103.88927,1.33133],[103.88911,1.33219],[103.88888,1.33337],[103.8888,1.3338],[103.88875,1.334],[103.88869,1.33423],[103.88859,1.33455],[103.88849,1.33481],[103.88821,1.33544],[103.88806,1.33577],[103.888,1.33591],[103.88789,1.33615],[103.88778,1.33638],[103.88762,1.33671],[103.88745,1.33701],[103.88725,1.33737],[103.88676,1.3382],[103.88636,1.33879],[103.8861,1.33911],[103.88585,1.33937],[103.88569,1.33954],[103.88546,1.33973],[103.88525,1.3399],[103.8849,1.34016],[103.88447,1.34041],[103.88415,1.34057],[103.88359,1.34084],[103.88298,1.34114],[103.88199,1.34163],[103.88067,1.34227],[103.88034,1.34243],[103.87963,1.34277],[103.87921,1.34298],[103.8788,1.34317],[103.8784,1.34337],[103.87782,1.34364],[103.87742,1.3438],[103.87709,1.34395],[103.87677,1.34413],[103.87653,1.3443],[103.87622,1.34454],[103.87585,1.34493],[103.87561,1.34525],[103.8754,1.34556],[103.87524,1.34588],[103.87514,1.34609],[103.87505,1.34632],[103.87498,1.34654],[103.87493,1.34672],[103.87488,1.34695],[103.87483,1.34724],[103.87477,1.34797],[103.87473,1.34835],[103.87466,1.34865],[103.87459,1.34888],[103.87448,1.34911],[103.87433,1.34937],[103.87423,1.34951],[103.87413,1.34963],[103.87397,1.3498],[103.87377,1.34997],[103.87356,1.35012],[103.87325,1.35029],[103.87289,1.35043],[103.87218,1.35065],[103.87175,1.35078],[103.87166,1.35081],[103.87142,1.35088],[103.87117,1.35096],[103.87065,1.35111],[103.87025,1.35126],[103.86988,1.35143],[103.8695,1.35161],[103.86918,1.35177],[103.86903,1.35183],[103.86885,1.35189],[103.86868,1.35194],[103.86843,1.35199],[103.86826,1.35201],[103.86804,1.35201],[103.86776,1.352],[103.86742,1.35196],[103.86668,1.35185],[103.86626,1.35179],[103.86572,1.35169],[103.86505,1.3516],[103.86401,1.3515],[103.86346,1.35144],[103.86329,1.35142],[103.86304,1.35138],[103.86284,1.35133],[103.86262,1.35125],[103.86243,1.35117],[103.86216,1.35102],[103.86168,1.35072],[103.86135,1.35052],[103.86118,1.35044],[103.86103,1.35037],[103.8607,1.35024],[103.86032,1.3501],[103.85936,1.34968],[103.85898,1.34954],[103.85866,1.34946],[103.8583,1.3494],[103.85796,1.34937],[103.85775,1.34937],[103.8575,1.34938],[103.85719,1.34941],[103.85694,1.34945],[103.85666,1.34952],[103.85583,1.34971],[103.85445,1.35004],[103.85398,1.35018],[103.85357,1.35033],[103.85297,1.35054],[103.85248,1.3507],[103.852,1.35081],[103.85159,1.35088],[103.85099,1.35094],[103.85056,1.35098],[103.85023,1.35103],[103.84918,1.35127],[103.84839,1.35144],[103.84787,1.35158],[103.84742,1.35172],[103.84722,1.35178],[103.84699,1.35184],[103.84663,1.35189],[103.84621,1.35194],[103.84574,1.35199],[103.84536,1.35207],[103.84499,1.35219],[103.84467,1.35232],[103.84433,1.35248],[103.84372,1.35276],[103.84336,1.35291],[103.84302,1.353],[103.84282,1.35303],[103.84253,1.35306],[103.84233,1.35306],[103.84209,1.35303],[103.84187,1.35299],[103.84163,1.35293],[103.84145,1.35287],[103.84126,1.35278],[103.84106,1.35267],[103.84086,1.35253],[103.8407,1.3524],[103.84052,1.35223],[103.84037,1.35207],[103.84023,1.35188],[103.84011,1.35169],[103.84001,1.35148],[103.83992,1.35126],[103.83984,1.35101],[103.83975,1.35051],[103.83961,1.3495],[103.83951,1.34865],[103.83944,1.34813],[103.83927,1.34684],[103.83913,1.34566],[103.83911,1.3451],[103.83914,1.3447],[103.83937,1.34289],[103.83957,1.33898],[103.83967,1.33759],[103.83974,1.33654],[103.83974,1.33607],[103.8397,1.33574],[103.83958,1.33539],[103.83935,1.33497],[103.83906,1.33459],[103.83892,1.33444],[103.83878,1.33431],[103.83853,1.33412],[103.83833,1.334],[103.83809,1.33388],[103.83786,1.3338],[103.83759,1.33372],[103.83733,1.33366],[103.83659,1.33348],[103.83637,1.33343],[103.83611,1.33339],[103.83579,1.33336],[103.83549,1.33336],[103.83522,1.33338],[103.83498,1.33341],[103.83444,1.33351],[103.83405,1.33358],[103.83368,1.33364],[103.83331,1.33367],[103.83294,1.33369],[103.83226,1.33369],[103.83172,1.33369],[103.83092,1.33369],[103.83067,1.33368],[103.83052,1.33368],[103.82979,1.33368],[103.82538,1.33369],[103.82511,1.33369],[103.82483,1.33367],[103.82453,1.33365],[103.82429,1.33361],[103.82407,1.33357],[103.82376,1.3335],[103.81982,1.33215],[103.81961,1.33206],[103.81938,1.33194],[103.81921,1.33184],[103.81906,1.33174],[103.81893,1.33163],[103.81878,1.3315],[103.81859,1.3313],[103.81836,1.33102],[103.81816,1.33068],[103.81801,1.33035],[103.8179,1.33003],[103.81785,1.3298],[103.81778,1.32935],[103.81761,1.32789],[103.81734,1.32571],[103.81726,1.3252],[103.81722,1.32495],[103.81716,1.32472],[103.81708,1.32448],[103.81698,1.32423],[103.81682,1.32395],[103.81663,1.32367],[103.81614,1.32316],[103.81592,1.32292],[103.81569,1.32266],[103.81526,1.32217],[103.81462,1.32138],[103.81436,1.32105],[103.81407,1.32069],[103.81381,1.32034],[103.81367,1.3202],[103.81353,1.32005],[103.81335,1.31991],[103.81317,1.31979],[103.81297,1.31967],[103.81277,1.31958],[103.81255,1.3195],[103.81231,1.31943],[103.81207,1.31939],[103.81177,1.31936],[103.81146,1.31936],[103.81105,1.31939],[103.81073,1.3194],[103.81045,1.31938],[103.81025,1.31935],[103.81006,1.3193],[103.80985,1.31924],[103.80968,1.31917],[103.80946,1.31907],[103.8091,1.31884],[103.80883,1.31861],[103.80798,1.31782],[103.80753,1.31739],[103.80671,1.31662],[103.80641,1.31633],[103.80547,1.3154],[103.80507,1.31506],[103.80482,1.31492],[103.80451,1.31478],[103.80413,1.31468],[103.80375,1.31464],[103.80224,1.31465],[103.8019,1.31465],[103.80168,1.31464],[103.80148,1.3146],[103.8013,1.31456],[103.80108,1.3145],[103.80096,1.31445],[103.80075,1.31435],[103.80037,1.31413],[103.79979,1.31374],[103.79953,1.31356],[103.79896,1.31328],[103.79881,1.31321],[103.79746,1.31275],[103.79712,1.31257],[103.79642,1.31216],[103.79589,1.31185],[103.7946,1.3111],[103.79411,1.31078],[103.79357,1.31031],[103.7924,1.30903],[103.79193,1.30851],[103.79168,1.30818],[103.79141,1.30774],[103.79114,1.30724],[103.7906,1.30627],[103.79028,1.30568],[103.78991,1.30498],[103.78904,1.30239],[103.78883,1.30189],[103.78866,1.30155],[103.78847,1.30122],[103.78731,1.29948],[103.78715,1.29923],[103.78674,1.29871],[103.7864,1.2983],[103.78613,1.29796],[103.78596,1.29775],[103.78579,1.29751],[103.7857,1.29737],[103.78557,1.29715],[103.78542,1.29688],[103.78531,1.29664],[103.78492,1.29585],[103.78482,1.29565],[103.78474,1.29547],[103.78467,1.29528],[103.78462,1.29512],[103.78459,1.29502],[103.78457,1.2949],[103.78453,1.29466],[103.78448,1.29357],[103.78442,1.29259],[103.78438,1.29221],[103.78428,1.29185],[103.7842,1.29166],[103.78412,1.29146],[103.78389,1.2911],[103.78363,1.29081],[103.78319,1.29041],[103.78224,1.28964],[103.78193,1.28929],[103.78167,1.2889],[103.78137,1.2882],[103.78124,1.28787],[103.78112,1.28755],[103.781,1.28702],[103.78096,1.28639],[103.78102,1.28496],[103.78104,1.28449],[103.78106,1.28428],[103.78111,1.28404],[103.78118,1.28378],[103.78125,1.28359],[103.78137,1.28336],[103.78153,1.28308],[103.78181,1.28265],[103.78234,1.28182],[103.78284,1.28102],[103.78309,1.28066],[103.78336,1.2803],[103.78368,1.27994],[103.78403,1.27957],[103.78437,1.27925],[103.78468,1.27903],[103.78494,1.27886],[103.78519,1.27872],[103.78545,1.2786],[103.78577,1.27849],[103.78603,1.2784],[103.78677,1.27818],[103.78709,1.27808],[103.78732,1.27799],[103.78764,1.27785],[103.78788,1.27771],[103.78834,1.27746],[103.78868,1.27727],[103.78892,1.27716],[103.78915,1.27708],[103.78949,1.27696],[103.79068,1.27655],[103.79137,1.27632],[103.79212,1.27606],[103.7926,1.27591],[103.79323,1.27573],[103.79372,1.27558],[103.79399,1.27549],[103.7949,1.27516],[103.79656,1.27456],[103.79881,1.27375],[103.79952,1.27349],[103.79995,1.27333],[103.80034,1.27316],[103.80106,1.27279],[103.80131,1.27269],[103.80163,1.27259],[103.80225,1.27251],[103.80279,1.27247],[103.80302,1.27245],[103.80426,1.27235],[103.80483,1.27222],[103.80524,1.27205],[103.80558,1.27185],[103.80649,1.27132],[103.80688,1.27111],[103.80741,1.27092],[103.80804,1.27079],[103.80873,1.27072],[103.80986,1.27062],[103.81079,1.27053],[103.81112,1.27049],[103.81147,1.2704],[103.81185,1.27024],[103.81229,1.26998],[103.81496,1.26837],[103.81551,1.26809],[103.81622,1.26778],[103.81639,1.26771],[103.81657,1.26762],[103.8167,1.26755],[103.81684,1.26747],[103.81719,1.2672],[103.81761,1.26681],[103.81803,1.26641],[103.81849,1.26599],[103.8188,1.26577],[103.81898,1.26566],[103.81915,1.26557],[103.81933,1.2655],[103.81953,1.26544]],[[103.81953,1.26544],[103.81987,1.26535],[103.82015,1.26529]],[[103.82015,1.26529],[103.82046,1.26526],[103.82154,1.26532],[103.82267,1.2654],[103.82343,1.26547]],[[103.82343,1.26547],[103.82381,1.26549],[103.82413,1.26552],[103.82462,1.26557],[103.82501,1.26566],[103.82539,1.2658],[103.82575,1.26597],[103.82616,1.26625],[103.82645,1.2665],[103.82676,1.26682],[103.82706,1.26716],[103.8274,1.26753],[103.82777,1.26794],[103.82829,1.26843],[103.82909,1.26911],[103.82918,1.26918],[103.82943,1.2694],[103.83045,1.27027],[103.83123,1.27093],[103.83141,1.2711],[103.83192,1.27161],[103.83204,1.27173],[103.83212,1.27181],[103.83226,1.27194],[103.83241,1.27208],[103.83263,1.27224],[103.83297,1.27246],[103.83319,1.27258],[103.83339,1.27267],[103.83368,1.27277],[103.83392,1.27285],[103.83424,1.27292],[103.83475,1.27297],[103.83583,1.273],[103.83671,1.27304],[103.83735,1.27306],[103.83792,1.27308],[103.8382,1.27307],[103.83846,1.27304],[103.83891,1.27297],[103.8396,1.2728],[103.84013,1.27271],[103.84073,1.27269]],[[103.84073,1.27269],[103.84566,1.27284],[103.84581,1.27285],[103.84589,1.27285],[103.84596,1.27286],[103.84604,1.27287],[103.84612,1.27288],[103.84624,1.27291],[103.84723,1.27322],[103.84856,1.27364]],[[103.84856,1.27364],[103.84994,1.2741],[103.85015,1.27415],[103.85034,1.27419],[103.85051,1.27421],[103.85068,1.27421],[103.85087,1.2742],[103.85106,1.27418],[103.85123,1.27413],[103.85203,1.27391],[103.8522,1.27387],[103.85235,1.27385],[103.85263,1.27384],[103.85283,1.27385],[103.85309,1.2739],[103.8533,1.27396],[103.85353,1.27405],[103.85374,1.27416],[103.85394,1.27429],[103.85414,1.27444],[103.85435,1.27464],[103.85455,1.27486],[103.85477,1.27518]],[[103.85477,1.27518],[103.85496,1.27547],[103.85557,1.27644],[103.85565,1.27656]],[[103.85565,1.27656],[103.85588,1.27692],[103.85644,1.2778]],[[103.85644,1.2778],[103.85674,1.27827],[103.85756,1.27943],[103.8581,1.28027],[103.85862,1.28108],[103.85896,1.28163],[103.85919,1.28196],[103.86015,1.28345],[103.86039,1.28381],[103.86075,1.28449],[103.86109,1.28521],[103.86126,1.28583],[103.86129,1.28611],[103.86133,1.28642],[103.86138,1.28754],[103.86122,1.2885],[103.86104,1.28978],[103.86105,1.29079],[103.86108,1.29127],[103.86115,1.29234]],[[103.84864,1.27367],[103.84726,1.27323],[103.84624,1.2729],[103.84613,1.27288],[103.84604,1.27287],[103.84596,1.27285],[103.84589,1.27285],[103.84581,1.27284],[103.84566,1.27284],[103.84073,1.27268]],[[103.84073,1.27268],[103.84014,1.27266],[103.83967,1.27267],[103.83924,1.27273],[103.83881,1.2728],[103.83848,1.27286],[103.83813,1.2729],[103.83774,1.27292],[103.8373,1.27291],[103.83671,1.27289],[103.83586,1.27286],[103.83473,1.27282],[103.83423,1.27278],[103.83396,1.27273],[103.83373,1.27266],[103.83348,1.27256],[103.8333,1.27247],[103.83305,1.27232],[103.83284,1.27216],[103.83254,1.2719],[103.83229,1.27166],[103.83208,1.27147],[103.83133,1.2708],[103.83056,1.27015],[103.82954,1.26927],[103.82929,1.26905],[103.82921,1.26897],[103.82915,1.26892],[103.82882,1.26855],[103.82846,1.26814],[103.82809,1.26776],[103.82769,1.26738],[103.82734,1.26702],[103.827,1.26656],[103.82672,1.26618],[103.82638,1.26586],[103.82615,1.26568],[103.8258,1.2655],[103.82548,1.26539],[103.82511,1.26531],[103.82471,1.26528],[103.82421,1.26524],[103.82385,1.26521],[103.82343,1.26518]],[[103.82343,1.26518],[103.82253,1.26511],[103.82226,1.2651],[103.82155,1.26505],[103.82058,1.26499],[103.8203,1.26501],[103.82013,1.26504]],[[103.82013,1.26504],[103.81977,1.26513],[103.81948,1.26522]],[[103.81948,1.26522],[103.81923,1.26533],[103.81895,1.2655],[103.81861,1.26574],[103.81832,1.266],[103.81802,1.26631],[103.81772,1.26661],[103.81749,1.26682],[103.81724,1.26703],[103.81699,1.2672],[103.8167,1.26737],[103.81502,1.2682],[103.81223,1.2699],[103.81183,1.27012],[103.81141,1.27027],[103.81104,1.27036],[103.80985,1.27047],[103.80794,1.27064],[103.80737,1.27078],[103.80695,1.27092],[103.80639,1.27118],[103.80522,1.27188],[103.80487,1.27204],[103.80452,1.27215],[103.8038,1.27224],[103.80316,1.27228],[103.80279,1.27232],[103.80207,1.27238],[103.8016,1.27246],[103.80134,1.27255],[103.80112,1.27264],[103.80031,1.27304],[103.79996,1.2732],[103.79938,1.27341],[103.79906,1.27353],[103.79623,1.27455],[103.79557,1.27479],[103.79495,1.27503],[103.79465,1.27515],[103.79435,1.27526],[103.79381,1.27545],[103.79348,1.27556],[103.79294,1.27569],[103.79263,1.27576],[103.79225,1.27586],[103.79207,1.27592],[103.79133,1.27618],[103.79063,1.27641],[103.78524,1.27823],[103.78502,1.27833],[103.7848,1.27843],[103.78445,1.27867],[103.7842,1.27887],[103.78399,1.27908],[103.7838,1.2793],[103.78366,1.27948],[103.7835,1.27972],[103.78324,1.28013],[103.78284,1.28075],[103.78221,1.28173],[103.78167,1.28258],[103.7814,1.283],[103.78132,1.28314],[103.78124,1.28329],[103.78113,1.28352],[103.78108,1.28368],[103.78103,1.28383],[103.78099,1.28399],[103.78096,1.28416],[103.78093,1.2845],[103.78091,1.28482],[103.78085,1.28639],[103.78089,1.28705],[103.78104,1.28765],[103.78125,1.28821],[103.78156,1.28891],[103.78177,1.28927],[103.782,1.28956],[103.78239,1.28991],[103.78349,1.29083],[103.78373,1.29112],[103.78391,1.29141],[103.78405,1.29166],[103.78416,1.29195]],[[103.78416,1.29195],[103.78424,1.29228],[103.78427,1.29261],[103.78431,1.29324],[103.78432,1.29359],[103.78438,1.29466],[103.7844,1.29479],[103.78442,1.29495],[103.78446,1.29508],[103.78449,1.2952],[103.78456,1.29537],[103.78463,1.29555],[103.78502,1.29635],[103.7854,1.29712],[103.78551,1.29733],[103.78569,1.2976],[103.78592,1.2979],[103.78643,1.29853],[103.7865,1.29861],[103.78685,1.29904],[103.78725,1.29963],[103.78834,1.30126],[103.78852,1.30158],[103.78866,1.30187],[103.78884,1.30227],[103.78899,1.30268],[103.78976,1.30503],[103.78998,1.30554],[103.79042,1.30634],[103.79079,1.30701],[103.79094,1.30728],[103.79118,1.30768],[103.7914,1.30799],[103.79166,1.30834],[103.79211,1.30889],[103.7938,1.31068],[103.79406,1.31091],[103.79453,1.31123],[103.79577,1.31196],[103.79634,1.3123],[103.79723,1.31283],[103.79757,1.31311],[103.79825,1.31384],[103.79848,1.31404],[103.79868,1.31418],[103.79892,1.31432],[103.79909,1.3144],[103.79936,1.3145],[103.79978,1.31462],[103.80022,1.31471],[103.80137,1.31498],[103.80191,1.31509],[103.80237,1.31515],[103.80278,1.31517],[103.80381,1.31515],[103.80402,1.31514],[103.80424,1.31516],[103.80441,1.31518],[103.8047,1.31525],[103.80503,1.31537],[103.80512,1.31541],[103.80544,1.31559],[103.80575,1.31586],[103.80657,1.3167],[103.80698,1.31708],[103.80743,1.3175],[103.80855,1.31855],[103.80879,1.31877],[103.80901,1.31895],[103.80932,1.31916],[103.80956,1.31927],[103.80974,1.31934],[103.80999,1.31942],[103.81022,1.31947],[103.81037,1.31949],[103.81065,1.31951],[103.81088,1.31952],[103.81181,1.31955],[103.81206,1.31957],[103.81233,1.31962],[103.81261,1.3197],[103.81289,1.31981],[103.81307,1.31991],[103.81327,1.32004],[103.81344,1.32016],[103.81359,1.3203],[103.81381,1.32055],[103.81407,1.32089],[103.81452,1.3215],[103.81514,1.32227],[103.81547,1.32266],[103.81572,1.32294],[103.81594,1.32314],[103.81632,1.32349],[103.81654,1.32373],[103.8167,1.32396],[103.81689,1.32429],[103.817,1.32455],[103.81706,1.32472],[103.81714,1.32508],[103.81718,1.32537],[103.81749,1.32787],[103.81766,1.32927],[103.81773,1.32979],[103.81779,1.33002],[103.81789,1.33035],[103.81805,1.33072],[103.81826,1.33107],[103.81849,1.33136],[103.81864,1.33151],[103.81877,1.33164],[103.81889,1.33174],[103.81901,1.33183],[103.81917,1.33194],[103.81937,1.33207],[103.81967,1.33221],[103.81994,1.33231],[103.82369,1.33359],[103.82404,1.33368],[103.82427,1.33372],[103.82453,1.33376],[103.8248,1.33378],[103.82513,1.3338],[103.82542,1.3338],[103.82979,1.3338],[103.83052,1.3338],[103.83068,1.3338],[103.83093,1.3338],[103.83172,1.3338],[103.83288,1.33381],[103.83326,1.3338],[103.83352,1.33378],[103.83375,1.33376],[103.83402,1.33372],[103.83463,1.33361],[103.8351,1.33354],[103.83529,1.33352],[103.83552,1.33351],[103.83574,1.33352],[103.83598,1.33355],[103.83716,1.33375],[103.83748,1.33382],[103.83769,1.33388],[103.8379,1.33396],[103.83809,1.33405],[103.83828,1.33415],[103.83845,1.33426],[103.83861,1.33438],[103.8388,1.33457],[103.83895,1.33473],[103.83923,1.33513],[103.83944,1.33557],[103.83953,1.33592],[103.83961,1.33643],[103.83959,1.33696],[103.83953,1.33758],[103.83946,1.33836],[103.8392,1.34086],[103.8391,1.34233],[103.83889,1.34318],[103.8388,1.34413],[103.83882,1.3446],[103.83888,1.34512],[103.83905,1.34643],[103.83918,1.34738],[103.83928,1.34814]],[[103.83928,1.34814],[103.83936,1.34867],[103.83945,1.34936],[103.83953,1.35004],[103.8396,1.35051],[103.83965,1.35093],[103.83969,1.35126],[103.83973,1.35148],[103.83977,1.35163],[103.83983,1.35184],[103.8399,1.35201],[103.83996,1.35215],[103.84004,1.3523],[103.84016,1.3525],[103.84032,1.35269],[103.84045,1.35285],[103.84062,1.353],[103.84076,1.35312],[103.84092,1.35323],[103.84109,1.35333],[103.84135,1.35346],[103.8416,1.35354],[103.84182,1.3536],[103.84199,1.35363],[103.84236,1.35366],[103.84265,1.35365],[103.84288,1.35362],[103.84313,1.35355],[103.84342,1.35345],[103.84371,1.3533],[103.84395,1.35315],[103.84417,1.35298],[103.84443,1.35278],[103.8446,1.35264],[103.84479,1.3525],[103.84499,1.35238],[103.8452,1.35228],[103.84547,1.35218],[103.84565,1.35213],[103.846,1.35206],[103.84639,1.35202],[103.8469,1.35196],[103.84715,1.35192],[103.84737,1.35187],[103.84792,1.35172],[103.84842,1.3516],[103.8492,1.35143],[103.85026,1.3512],[103.8505,1.35115],[103.85093,1.35111],[103.85167,1.35101],[103.85209,1.35092],[103.85251,1.35081],[103.85299,1.35066],[103.85332,1.35053],[103.85371,1.35039],[103.85423,1.35021],[103.855,1.35002],[103.85582,1.34982],[103.85651,1.34966],[103.85692,1.34957],[103.85729,1.34953],[103.85744,1.34952],[103.85775,1.34951],[103.85805,1.34952],[103.85834,1.34956],[103.85871,1.34962],[103.85909,1.34972],[103.85954,1.3499],[103.86002,1.35012],[103.86069,1.35042],[103.86109,1.3506],[103.8615,1.35082],[103.8619,1.35106],[103.86235,1.35132],[103.86266,1.35144],[103.86294,1.35152],[103.86316,1.35157],[103.86345,1.3516],[103.864,1.35166],[103.86442,1.3517],[103.86503,1.35176],[103.86549,1.35182],[103.86598,1.35189],[103.86638,1.35195],[103.86667,1.35198],[103.86695,1.35201],[103.86728,1.35205],[103.86775,1.35209],[103.86794,1.3521],[103.86811,1.35211],[103.86834,1.3521],[103.86856,1.35207],[103.86877,1.35202],[103.86902,1.35195],[103.8692,1.35188],[103.86935,1.35181],[103.86951,1.35173],[103.87005,1.35149],[103.87029,1.3514],[103.87066,1.35129],[103.87122,1.35112],[103.87157,1.35102],[103.87224,1.35081],[103.87304,1.35056],[103.87324,1.35048],[103.87348,1.35036],[103.87368,1.35023],[103.87387,1.35009],[103.87406,1.3499],[103.87422,1.34974],[103.87435,1.34958],[103.87447,1.3494],[103.87459,1.34918],[103.87468,1.34898],[103.87478,1.34865],[103.87484,1.34837],[103.87487,1.34808],[103.87491,1.34749],[103.87494,1.34717],[103.87499,1.34688],[103.87506,1.34659],[103.87513,1.34638],[103.87522,1.34615],[103.87536,1.34584],[103.87556,1.34549],[103.87575,1.3452],[103.87591,1.345],[103.87605,1.34484],[103.87623,1.34467],[103.8764,1.34452],[103.87675,1.34429],[103.87694,1.34419],[103.87712,1.34411],[103.87774,1.34386],[103.87809,1.3437],[103.87849,1.34351],[103.87921,1.34316],[103.8797,1.34292],[103.88042,1.34257],[103.88062,1.34247],[103.88174,1.34193],[103.88208,1.34178]],[[103.88208,1.34178],[103.88245,1.34164],[103.8833,1.34133],[103.88365,1.34121],[103.88391,1.34111],[103.88424,1.34097],[103.8845,1.34084],[103.88469,1.34074],[103.8849,1.34061],[103.88546,1.34022],[103.88594,1.33986],[103.88623,1.33958],[103.88651,1.33926],[103.88676,1.3389],[103.88698,1.33854],[103.88721,1.33806],[103.88752,1.33735],[103.88802,1.33621],[103.88835,1.3355],[103.88863,1.33488],[103.88872,1.33466],[103.8888,1.33442],[103.88893,1.33395],[103.88905,1.33334],[103.88932,1.33191],[103.88975,1.3297],[103.89021,1.32729],[103.89044,1.32614],[103.89057,1.32546],[103.89068,1.32485],[103.89101,1.32314],[103.89133,1.32142],[103.89159,1.32045],[103.89191,1.31948],[103.89214,1.3188],[103.89225,1.31843],[103.89232,1.31807],[103.89241,1.31736],[103.89248,1.31683],[103.89252,1.3165],[103.89254,1.31603],[103.89249,1.31551],[103.89239,1.315],[103.89219,1.31421],[103.89213,1.31399],[103.89207,1.31369],[103.89204,1.31339],[103.89202,1.31296],[103.89205,1.31248],[103.89212,1.31148],[103.89209,1.31079],[103.89207,1.31055],[103.892,1.31031],[103.89191,1.31005],[103.89182,1.30988],[103.89179,1.30983],[103.89174,1.30975],[103.89169,1.30966],[103.89164,1.30959],[103.89157,1.30948],[103.89143,1.30933],[103.89131,1.3092],[103.89118,1.30908],[103.89104,1.30896],[103.89086,1.30885],[103.89066,1.30873],[103.89031,1.30858],[103.88989,1.30847],[103.88946,1.30839],[103.88928,1.30836],[103.8886,1.30825],[103.88821,1.30818],[103.88776,1.30811],[103.88678,1.30794],[103.88615,1.30781],[103.88576,1.30768],[103.88541,1.30754],[103.88468,1.3072],[103.88318,1.30645],[103.88247,1.30611],[103.88172,1.30576],[103.87792,1.30398],[103.87632,1.30323]],[[103.87632,1.30323],[103.87542,1.30281],[103.87444,1.30235],[103.8739,1.30216],[103.87319,1.30195],[103.87264,1.3018],[103.87224,1.30172],[103.87189,1.30169],[103.87115,1.30166],[103.87079,1.30163],[103.87056,1.30161],[103.87027,1.30155],[103.86975,1.30141],[103.86816,1.3009],[103.86773,1.30078],[103.86732,1.30069],[103.86612,1.30049],[103.86582,1.30044],[103.86555,1.30038],[103.86529,1.30031],[103.86504,1.30023],[103.86483,1.30016],[103.86427,1.29994],[103.86371,1.29971],[103.86249,1.2992],[103.86216,1.29902],[103.86188,1.29885],[103.8615,1.29845],[103.86133,1.29821],[103.8612,1.29804],[103.86103,1.29765],[103.86094,1.29733],[103.86086,1.29694],[103.86086,1.29663],[103.86086,1.2964],[103.86092,1.29607],[103.86107,1.29513],[103.86116,1.29462]],[[103.86116,1.29462],[103.86117,1.29387],[103.86117,1.29287],[103.86117,1.29234]],[[103.86117,1.29234],[103.86113,1.29209],[103.86101,1.29186],[103.86069,1.29157],[103.86033,1.29138],[103.86007,1.29134],[103.85981,1.29132],[103.85941,1.29136],[103.85906,1.29143],[103.85854,1.29158],[103.85831,1.29167],[103.85811,1.29177],[103.85792,1.29188],[103.85765,1.29206],[103.85721,1.29232],[103.85666,1.29258],[103.85618,1.29286],[103.85546,1.29331],[103.85489,1.29366],[103.85446,1.29398],[103.85372,1.29458],[103.85257,1.29544],[103.8518,1.29596],[103.85167,1.29605],[103.8515,1.29618],[103.85117,1.29645],[103.85062,1.2969],[103.85006,1.29737],[103.84984,1.29753],[103.84964,1.29766],[103.84947,1.29776],[103.84927,1.29785],[103.84878,1.29802],[103.84812,1.29824]],[[103.84812,1.29824],[103.84754,1.29843]],[[103.84754,1.29843],[103.84717,1.29856],[103.84674,1.2987],[103.84616,1.29889],[103.84397,1.29961]],[[103.86117,1.29234],[103.8611,1.29127],[103.86107,1.29079],[103.86106,1.28978],[103.86126,1.2885],[103.86139,1.28753],[103.86136,1.28642],[103.86131,1.2861],[103.86128,1.28583],[103.86111,1.28521],[103.86076,1.28448],[103.8604,1.28382],[103.86017,1.28345],[103.85919,1.28196],[103.85898,1.28163],[103.85812,1.28027],[103.85757,1.27942],[103.85678,1.27809],[103.85665,1.27787],[103.8565,1.27763]],[[103.8565,1.27763],[103.85577,1.2765]],[[103.85577,1.2765],[103.85507,1.27541],[103.85488,1.27512]],[[103.85488,1.27512],[103.85465,1.27478],[103.8545,1.2746],[103.85421,1.27432],[103.85399,1.27415],[103.85378,1.27402],[103.85358,1.27392],[103.85333,1.27383],[103.85311,1.27378],[103.85285,1.27374],[103.85262,1.27374],[103.85235,1.27376],[103.85216,1.2738],[103.85203,1.27383],[103.85123,1.27408],[103.85106,1.27412],[103.85087,1.27415],[103.85068,1.27417],[103.85051,1.27418],[103.85034,1.27417],[103.85015,1.27414],[103.84994,1.27409],[103.84864,1.27367]],[[103.844,1.29973],[103.84619,1.29901],[103.84678,1.29881],[103.8472,1.29867],[103.84759,1.29854]],[[103.84759,1.29854],[103.84815,1.29836]],[[103.84815,1.29836],[103.84889,1.29812],[103.84933,1.29796],[103.84958,1.29785],[103.84978,1.29773],[103.85001,1.29758],[103.85024,1.29739],[103.85071,1.29701],[103.8512,1.29661],[103.85154,1.29632],[103.85187,1.29606],[103.85262,1.29554],[103.85326,1.29507],[103.85398,1.29454],[103.85439,1.29421],[103.85497,1.29379],[103.85554,1.29344],[103.85594,1.2932],[103.85624,1.29301],[103.85727,1.29237],[103.85771,1.29206],[103.85812,1.29179],[103.85832,1.29169],[103.85857,1.29159],[103.85909,1.29145],[103.85944,1.2914],[103.85979,1.29137],[103.86004,1.29138],[103.86029,1.29143],[103.86055,1.29157],[103.86091,1.29189],[103.86105,1.2921],[103.86115,1.29234]]]},"properties":{"ref":"CCL","name":"Circle Line","colour":"#fa9e0d","lrt":0,"building":0}},{"type":"Feature","geometry":{"type":"MultiLineString","coordinates":[[[103.76196,1.37873],[103.76179,1.37904],[103.76166,1.37927],[103.7597,1.38298],[103.75943,1.38346],[103.75927,1.38367],[103.75887,1.38407],[103.75802,1.38491],[103.75661,1.38675],[103.75596,1.38842],[103.75561,1.38966]],[[103.76207,1.3785],[103.76196,1.37873]],[[103.76207,1.3785],[103.76225,1.37809],[103.76243,1.37771],[103.76249,1.37753],[103.7626,1.3771],[103.76264,1.37679],[103.76282,1.37491],[103.76294,1.37368],[103.76299,1.37316],[103.76308,1.37214],[103.76316,1.37178],[103.76328,1.37144],[103.76389,1.37066],[103.76431,1.37003],[103.76474,1.36936],[103.76528,1.36852],[103.76721,1.36549],[103.76765,1.36455],[103.76777,1.36402],[103.76779,1.36371],[103.76773,1.36327],[103.76767,1.36305],[103.76744,1.36228],[103.76726,1.36167]],[[103.76726,1.36167],[103.7672,1.36142],[103.76745,1.35902],[103.76751,1.35853],[103.7676,1.3579],[103.76767,1.35738],[103.76779,1.35715],[103.76865,1.35597],[103.76883,1.35571],[103.76902,1.35538],[103.76926,1.35475],[103.76934,1.35449],[103.76951,1.35392],[103.77002,1.35218],[103.77036,1.34912],[103.77055,1.3487],[103.77137,1.34755],[103.77177,1.34698],[103.77196,1.34672],[103.77257,1.34616],[103.7741,1.34522],[103.77452,1.34484],[103.77484,1.34452],[103.77499,1.34429],[103.7752,1.34398],[103.77554,1.34311],[103.77574,1.3422],[103.77595,1.34116],[103.77602,1.34081],[103.77617,1.34039],[103.77633,1.34013],[103.77649,1.33986],[103.77683,1.3394],[103.77703,1.33917],[103.77735,1.33881],[103.77751,1.33866],[103.77787,1.33834],[103.77804,1.33819],[103.77857,1.33791],[103.77936,1.33758],[103.78072,1.33699],[103.78287,1.33608],[103.78384,1.33571],[103.78487,1.33532],[103.78648,1.33475],[103.79287,1.33249],[103.79664,1.33116],[103.7973,1.33094],[103.7987,1.33048],[103.79994,1.33028],[103.8009,1.33009],[103.80364,1.329],[103.80424,1.32845],[103.8048,1.32767],[103.80533,1.32722],[103.80635,1.32659],[103.80704,1.32616],[103.80828,1.32537],[103.80941,1.3248],[103.81096,1.32372],[103.8117,1.3234],[103.81297,1.32311],[103.81424,1.32288],[103.81584,1.32263],[103.8162,1.32259],[103.81679,1.32253],[103.8182,1.32249],[103.81946,1.32234],[103.82073,1.32206],[103.82377,1.32117],[103.82532,1.32035],[103.82588,1.32017],[103.82657,1.31994],[103.82821,1.31968],[103.82934,1.31939],[103.8345,1.31768],[103.83531,1.31724],[103.8359,1.31659],[103.8366,1.31575],[103.83744,1.31441],[103.83808,1.31371],[103.83839,1.31336],[103.83864,1.31312],[103.83916,1.31268],[103.83963,1.31239],[103.84092,1.31191],[103.84185,1.31164],[103.84338,1.31102],[103.84433,1.31064],[103.84477,1.31046],[103.84578,1.3099],[103.84675,1.30887],[103.8475,1.30807],[103.84922,1.30659],[103.84961,1.30626],[103.85095,1.305],[103.85178,1.30446],[103.85261,1.30398],[103.85339,1.30361]],[[103.85339,1.30361],[103.85387,1.30315],[103.85418,1.30265],[103.85455,1.30211],[103.85471,1.3019],[103.85536,1.30122],[103.85562,1.30094]],[[103.85562,1.30094],[103.85676,1.29976],[103.85761,1.29872],[103.85806,1.29812],[103.85869,1.29732],[103.859,1.29704],[103.85993,1.29645],[103.86036,1.29603],[103.86058,1.29572]],[[103.86058,1.29572],[103.8608,1.29526],[103.86093,1.29481],[103.86098,1.29434],[103.86098,1.29404],[103.86093,1.29288],[103.86086,1.29131],[103.86096,1.28956],[103.86112,1.28848],[103.86126,1.28762],[103.86126,1.28663],[103.86118,1.28603],[103.86101,1.28541],[103.86055,1.28441],[103.86029,1.28396],[103.86003,1.28349],[103.85908,1.28201],[103.85851,1.28116],[103.85795,1.28035],[103.85773,1.28003],[103.85719,1.27932],[103.85702,1.27913],[103.85677,1.27883],[103.85665,1.2787]],[[103.85665,1.2787],[103.85611,1.27837],[103.85581,1.27829],[103.8554,1.27816],[103.85509,1.27818],[103.85486,1.27821],[103.85471,1.27828],[103.85453,1.27835],[103.85407,1.27866],[103.85323,1.27917],[103.85283,1.27944],[103.85213,1.2799],[103.8517,1.28022],[103.85152,1.28038],[103.85108,1.28072],[103.84904,1.28194],[103.84835,1.28235],[103.84622,1.28359],[103.8451,1.28423],[103.8441,1.28481],[103.84307,1.28563]],[[103.84307,1.28563],[103.84285,1.28586],[103.84265,1.28612],[103.84253,1.28634],[103.84243,1.28669],[103.84242,1.28693],[103.84242,1.28716],[103.84246,1.28749],[103.84264,1.28808],[103.84294,1.28888],[103.84303,1.28925],[103.84307,1.28958],[103.84313,1.28999],[103.84317,1.29029],[103.84325,1.29058],[103.84337,1.29092],[103.84375,1.29162],[103.8443,1.29255],[103.84481,1.29341],[103.8452,1.29404],[103.84539,1.2943],[103.84594,1.29487],[103.84623,1.29509],[103.84741,1.29596],[103.84806,1.29648],[103.84887,1.29721],[103.85035,1.299]],[[103.85035,1.299],[103.85076,1.29949],[103.85391,1.30332],[103.85413,1.30366],[103.85537,1.30546],[103.85631,1.30696],[103.85783,1.3093],[103.85932,1.31157],[103.85963,1.31198],[103.86007,1.31242],[103.86049,1.31268],[103.86074,1.31282],[103.8613,1.31307],[103.86225,1.31352],[103.86261,1.31369],[103.86355,1.31414],[103.86392,1.31442],[103.86423,1.31477],[103.86472,1.31559],[103.86529,1.31654],[103.86657,1.31819],[103.86691,1.31854],[103.86745,1.31895],[103.86796,1.3191],[103.87146,1.32127],[103.87201,1.32162],[103.87247,1.3219],[103.87304,1.32222],[103.87511,1.32327],[103.87678,1.3239],[103.87709,1.32406],[103.8774,1.32426],[103.87777,1.32462],[103.87797,1.32487],[103.87898,1.32645],[103.87928,1.32681],[103.87957,1.32708],[103.87975,1.3272],[103.88002,1.32736],[103.88026,1.32746],[103.88072,1.32759],[103.88116,1.32762],[103.88201,1.32754],[103.88232,1.32741],[103.88263,1.32726],[103.88335,1.3269],[103.88393,1.32662],[103.88476,1.32621],[103.8851,1.32606],[103.88543,1.32597],[103.88584,1.32592],[103.88622,1.32595],[103.8866,1.32599],[103.887,1.32603],[103.88737,1.32601],[103.88801,1.32595],[103.88842,1.32596],[103.88859,1.32598],[103.88967,1.32638],[103.89088,1.32683],[103.89172,1.32718],[103.89288,1.32753],[103.89734,1.32918],[103.89778,1.32935],[103.89801,1.32945],[103.89823,1.32955],[103.89859,1.32972],[103.89932,1.33008],[103.8998,1.33032],[103.90022,1.33053],[103.90059,1.33071],[103.90083,1.33084],[103.90107,1.33098],[103.90139,1.33119],[103.90157,1.33133],[103.90182,1.33152],[103.90227,1.33191],[103.90373,1.33317],[103.90391,1.33333],[103.90407,1.33345],[103.90442,1.33371],[103.90475,1.33392],[103.90492,1.33402],[103.90508,1.3341],[103.90537,1.33425],[103.90565,1.33437],[103.90593,1.33448],[103.90624,1.33458],[103.90654,1.33467],[103.90692,1.33476],[103.90767,1.33489],[103.90864,1.33507],[103.90908,1.33515],[103.90963,1.33525],[103.90982,1.3353],[103.90999,1.33535],[103.9102,1.33542],[103.91041,1.33551],[103.91081,1.33569],[103.9117,1.33614],[103.91205,1.33629],[103.91221,1.33635],[103.91237,1.3364],[103.91254,1.33643],[103.91268,1.33646],[103.91292,1.33649],[103.91321,1.3365],[103.91345,1.33648],[103.91372,1.33645],[103.91402,1.33638],[103.91423,1.3363],[103.91454,1.33619],[103.91688,1.3352],[103.91801,1.33473],[103.91886,1.33437],[103.91927,1.3342],[103.91951,1.33412],[103.91983,1.33403],[103.92015,1.33397]],[[103.92015,1.33397],[103.92051,1.33392],[103.92089,1.33391],[103.92121,1.33392],[103.92145,1.33395],[103.92171,1.33399],[103.92212,1.33408],[103.92266,1.33428],[103.92645,1.33591],[103.92695,1.33609],[103.92801,1.33638],[103.92984,1.33671],[103.93023,1.33677],[103.93061,1.3368],[103.9312,1.33681],[103.93214,1.33678],[103.93303,1.33675],[103.9337,1.33673],[103.93679,1.33701],[103.93758,1.3371],[103.93811,1.33725],[103.93872,1.33759],[103.93923,1.33809],[103.93948,1.33847],[103.93959,1.33871],[103.93965,1.33885],[103.9397,1.33903],[103.93979,1.33937],[103.93982,1.33982],[103.93977,1.3403],[103.93952,1.34106],[103.93866,1.3431],[103.93847,1.34354],[103.93834,1.34395],[103.93829,1.34437],[103.93828,1.34485],[103.93829,1.34542],[103.93831,1.34646],[103.93831,1.34716],[103.93826,1.34765],[103.93821,1.34821],[103.93818,1.34843],[103.93814,1.34885],[103.93811,1.34966],[103.93813,1.34996],[103.93817,1.35012],[103.93822,1.35035],[103.93826,1.35051],[103.93836,1.35075],[103.93852,1.35112],[103.93886,1.35163],[103.93923,1.35201],[103.93998,1.35284],[103.94118,1.3538],[103.94204,1.35439],[103.94239,1.35473],[103.94296,1.35533],[103.94335,1.35574],[103.9438,1.3562],[103.94418,1.35648],[103.94484,1.35677],[103.94532,1.35687],[103.94584,1.35687],[103.94695,1.35679],[103.94917,1.35683],[103.94981,1.35679],[103.95273,1.35639],[103.9536,1.35634],[103.955,1.35629],[103.95574,1.35627],[103.95606,1.35626],[103.95645,1.35631],[103.95676,1.35638],[103.95705,1.35652],[103.95735,1.35666],[103.95785,1.35698],[103.9582,1.35721],[103.95853,1.35737],[103.95865,1.35741],[103.95897,1.3575],[103.95923,1.35754],[103.95959,1.35755],[103.95991,1.35755],[103.96109,1.35733],[103.96142,1.35725],[103.96182,1.35709],[103.96245,1.35667],[103.96277,1.35633],[103.96303,1.35591],[103.96308,1.3558],[103.96332,1.3552],[103.96355,1.35405],[103.96369,1.3534],[103.96372,1.35302],[103.96371,1.35278],[103.96369,1.35193],[103.96365,1.35085],[103.96363,1.34992],[103.96354,1.34884],[103.96334,1.34773],[103.96294,1.34632],[103.962,1.34319],[103.9615,1.34162],[103.96117,1.34051],[103.9611,1.34027],[103.96069,1.33892],[103.96059,1.33837],[103.96058,1.33788],[103.96065,1.33759],[103.96076,1.33714],[103.96097,1.33673],[103.96124,1.33636],[103.96145,1.33614]],[[103.96145,1.33614],[103.96218,1.33555],[103.96223,1.33551]],[[103.96218,1.33541],[103.96212,1.33546],[103.96135,1.33607]],[[103.96135,1.33607],[103.96115,1.33625],[103.96081,1.33673],[103.96066,1.33702],[103.96054,1.3374],[103.96045,1.33788],[103.96045,1.33835],[103.96051,1.33881],[103.96075,1.3396],[103.96139,1.34166],[103.96185,1.34321],[103.96281,1.34634],[103.96323,1.34783],[103.96342,1.34884],[103.96349,1.34968],[103.96353,1.35055],[103.96359,1.35209],[103.9636,1.35283],[103.96359,1.3531],[103.96351,1.35361],[103.96318,1.35519],[103.963,1.35571],[103.96276,1.35612],[103.96245,1.3565],[103.9623,1.35661],[103.96184,1.35695],[103.9614,1.35713],[103.96107,1.35722],[103.95998,1.35744],[103.95952,1.35744],[103.95891,1.35738],[103.95848,1.35723],[103.95794,1.35692],[103.95771,1.35674],[103.95721,1.35639],[103.95659,1.35618],[103.95606,1.35612],[103.95555,1.35612],[103.955,1.35614],[103.9536,1.35621],[103.95197,1.3563],[103.9517,1.35634],[103.94967,1.35667],[103.94893,1.35669],[103.94763,1.35664],[103.94636,1.3567],[103.94544,1.35669],[103.94515,1.35665],[103.9448,1.35652],[103.94456,1.35642],[103.94409,1.35619],[103.94346,1.35562],[103.94307,1.35523],[103.94246,1.35458],[103.94208,1.35423],[103.94104,1.35353],[103.94032,1.353],[103.93993,1.35255],[103.93892,1.35147],[103.93863,1.35102],[103.93836,1.35036],[103.93826,1.34985],[103.93823,1.34927],[103.93845,1.347],[103.93845,1.3465],[103.93843,1.34541],[103.93842,1.34484],[103.93846,1.34417],[103.93859,1.34366],[103.93976,1.34089],[103.93997,1.34009],[103.93997,1.33958],[103.93983,1.33888],[103.93964,1.33844],[103.93938,1.33804],[103.93902,1.33765],[103.93863,1.33738],[103.9381,1.3371],[103.93771,1.33703],[103.93353,1.33661],[103.93214,1.33665],[103.93122,1.33668],[103.9306,1.33667],[103.93019,1.33663],[103.92984,1.33657],[103.92809,1.33626],[103.92671,1.33582],[103.92228,1.3339],[103.92202,1.3338],[103.92175,1.33372],[103.92148,1.33366],[103.92121,1.33362],[103.92092,1.33361],[103.92064,1.33362],[103.92043,1.33365],[103.9203,1.33367],[103.92005,1.33372],[103.91975,1.33383],[103.91881,1.33422],[103.91795,1.33458],[103.91682,1.33506],[103.91666,1.33512],[103.9148,1.33591],[103.91434,1.3361],[103.914,1.33623],[103.91373,1.33631],[103.91348,1.33637],[103.91322,1.33638],[103.91301,1.33639],[103.91279,1.33637],[103.91253,1.33633],[103.91237,1.3363],[103.91219,1.33624],[103.9119,1.33613],[103.9116,1.33598],[103.91098,1.33563],[103.91062,1.33545],[103.91027,1.33529],[103.90994,1.33518],[103.90964,1.33509],[103.90937,1.33504],[103.90911,1.33499],[103.90868,1.33491],[103.90753,1.3347],[103.90698,1.33461],[103.90661,1.33454],[103.90634,1.33447],[103.90606,1.33438],[103.90576,1.33428],[103.90553,1.33418],[103.90536,1.3341],[103.90514,1.33398],[103.90495,1.33388],[103.90477,1.33376],[103.90461,1.33366],[103.90444,1.33352],[103.90426,1.33338],[103.90407,1.33322],[103.90392,1.33308],[103.9033,1.33252],[103.90267,1.33194],[103.90217,1.3315],[103.90204,1.33139],[103.90189,1.33126],[103.90169,1.33111],[103.90154,1.33102],[103.90138,1.33092],[103.90113,1.33079],[103.90029,1.33038],[103.89987,1.33018],[103.89939,1.32994],[103.89865,1.32958],[103.89835,1.32943],[103.89806,1.3293],[103.89767,1.32914],[103.89736,1.32903],[103.89303,1.32747],[103.89176,1.32707],[103.8905,1.32658],[103.88972,1.32627],[103.8886,1.32582],[103.88824,1.32569],[103.88709,1.32544],[103.88658,1.32539],[103.886,1.32546],[103.8856,1.32559],[103.88393,1.32644],[103.88328,1.32677],[103.88259,1.32711],[103.88223,1.32729],[103.88186,1.32743],[103.88136,1.3275],[103.88093,1.32749],[103.88068,1.32744],[103.88031,1.32733],[103.88002,1.32721],[103.87982,1.32711],[103.87964,1.32698],[103.87929,1.32668],[103.87903,1.32637],[103.87798,1.32475],[103.87744,1.32416],[103.87707,1.32393],[103.87655,1.32373],[103.875,1.32309],[103.87253,1.32181],[103.87207,1.32152],[103.86826,1.31924],[103.86787,1.31904],[103.86748,1.31881],[103.86724,1.31863],[103.86682,1.3183],[103.86533,1.3165],[103.86505,1.31601],[103.86448,1.31499],[103.86424,1.3146],[103.86394,1.31427],[103.86354,1.31396],[103.86266,1.31356],[103.86229,1.31339],[103.86076,1.31268],[103.86055,1.31258],[103.86015,1.31231],[103.85958,1.31176],[103.8576,1.30874],[103.85654,1.3071],[103.85546,1.30541],[103.85491,1.30454],[103.85442,1.30383],[103.85418,1.30347],[103.8529,1.30188],[103.85091,1.29949],[103.85043,1.29892],[103.84978,1.29814],[103.84902,1.29723],[103.84874,1.29691],[103.84821,1.2964],[103.84755,1.29583],[103.84618,1.29487],[103.8458,1.29454],[103.84549,1.29421],[103.8449,1.29336],[103.8444,1.29249],[103.84386,1.29153],[103.84348,1.29086],[103.84336,1.29057],[103.84327,1.29025],[103.84317,1.28953],[103.84314,1.28928],[103.8431,1.28914],[103.84301,1.28878],[103.84275,1.2881],[103.84257,1.28751],[103.84252,1.28708],[103.84254,1.28666],[103.84262,1.28639],[103.84273,1.28618],[103.84294,1.28593],[103.84323,1.28564],[103.84398,1.28504],[103.84465,1.28457],[103.84515,1.28429],[103.84627,1.28367],[103.84838,1.2824],[103.84893,1.28206],[103.8495,1.28173],[103.85028,1.28128],[103.8514,1.28059],[103.85169,1.28031],[103.85204,1.28002],[103.85244,1.27978],[103.85288,1.2795],[103.85331,1.27923],[103.85453,1.27844],[103.85469,1.27837],[103.8549,1.2783],[103.85501,1.27829],[103.8552,1.27829],[103.85535,1.27828],[103.85569,1.27837],[103.85598,1.27845],[103.85632,1.27864],[103.85654,1.27877]],[[103.85654,1.27877],[103.85718,1.27933],[103.85772,1.28004],[103.85794,1.28036],[103.85849,1.28116],[103.85907,1.28202],[103.86002,1.2835],[103.86029,1.28396],[103.86054,1.28441],[103.861,1.28542],[103.86117,1.28603],[103.86125,1.28663],[103.86126,1.28762],[103.86111,1.28847],[103.86093,1.28957],[103.86084,1.29131],[103.86092,1.29288],[103.86097,1.29404],[103.86096,1.29433],[103.86091,1.2948],[103.86076,1.29528],[103.86055,1.29566]],[[103.86055,1.29566],[103.86043,1.29585],[103.86016,1.29612],[103.85989,1.29633],[103.85893,1.29697],[103.85852,1.29731],[103.8581,1.29783],[103.85753,1.29864],[103.85675,1.29965],[103.85555,1.30085],[103.85465,1.3018],[103.85415,1.30241],[103.85381,1.30297]],[[103.85381,1.30297],[103.85335,1.3035],[103.85278,1.30377],[103.85255,1.30388],[103.85196,1.30413],[103.85136,1.30451],[103.85071,1.30499],[103.84949,1.30611],[103.8491,1.30645],[103.84779,1.3076],[103.84741,1.3079],[103.84662,1.30875],[103.84568,1.30976],[103.84482,1.31026],[103.84428,1.31051],[103.84204,1.31143],[103.84045,1.31192],[103.83924,1.31246],[103.83856,1.31302],[103.8383,1.31325],[103.83796,1.31361],[103.83732,1.31429],[103.83647,1.31563],[103.83577,1.31647],[103.83519,1.31709],[103.83445,1.31748],[103.82929,1.31931],[103.82822,1.31963],[103.82682,1.31982],[103.82586,1.32011],[103.82534,1.32026],[103.8248,1.32051],[103.8237,1.32106],[103.82075,1.32193],[103.81931,1.32221],[103.81806,1.32237],[103.81678,1.32237],[103.81617,1.32243],[103.8158,1.32246],[103.81519,1.32255],[103.81327,1.32288],[103.81166,1.32321],[103.81089,1.32355],[103.80934,1.32463],[103.80821,1.32519],[103.80694,1.326],[103.80625,1.32643],[103.80525,1.32705],[103.80462,1.32759],[103.80418,1.32824],[103.80351,1.32886],[103.80189,1.32952],[103.80067,1.32997],[103.79893,1.33025],[103.79863,1.33031],[103.79814,1.33046],[103.79723,1.33077],[103.79658,1.33099],[103.79307,1.33226],[103.7848,1.33515],[103.78377,1.33555],[103.78282,1.33592],[103.77926,1.33741],[103.77862,1.33767],[103.77778,1.33817],[103.77697,1.33895],[103.77616,1.33996],[103.77589,1.34078],[103.77581,1.34114],[103.77555,1.34226],[103.77537,1.34306],[103.77481,1.34426],[103.77455,1.34457],[103.77411,1.345],[103.7736,1.34531],[103.77246,1.34602],[103.77181,1.34662],[103.77036,1.34866],[103.77019,1.34906],[103.76985,1.35214],[103.76937,1.35373],[103.76914,1.35443],[103.76885,1.35531],[103.76871,1.35557],[103.76816,1.35631],[103.76778,1.35681],[103.7675,1.35732],[103.76739,1.3581],[103.76702,1.36144],[103.76714,1.36186],[103.76728,1.36232],[103.76761,1.36353],[103.76764,1.36421],[103.76747,1.36474],[103.76643,1.3665],[103.76538,1.36813],[103.76463,1.36927],[103.76378,1.37054],[103.76314,1.37136],[103.76301,1.37172],[103.76293,1.37214],[103.76282,1.37333],[103.76247,1.37705],[103.76223,1.3779],[103.76216,1.37806],[103.76197,1.37847]],[[103.76197,1.37847],[103.76187,1.37868],[103.76029,1.38169],[103.75926,1.38347],[103.75871,1.38406],[103.75791,1.38486],[103.75649,1.38668],[103.75616,1.38758],[103.75543,1.39015]]]},"properties":{"ref":"DTL","name":"Downtown Line","colour":"#0354a6","lrt":0,"building":0}},{"type":"Feature","geometry":{"type":"MultiLineString","coordinates":[[[103.7858,1.44846],[103.78644,1.44728]],[[103.78644,1.44728],[103.787,1.44619]],[[103.787,1.44619],[103.78722,1.44579],[103.78801,1.44414],[103.78862,1.44314],[103.78899,1.44246],[103.78914,1.44187],[103.78917,1.44134],[103.78908,1.4407],[103.78896,1.44036],[103.78879,1.44001],[103.78827,1.43921],[103.78805,1.4387],[103.78796,1.43828],[103.78794,1.43786],[103.78797,1.43749],[103.788,1.43721]],[[103.788,1.43721],[103.78812,1.43625],[103.78823,1.4354]],[[103.78823,1.4354],[103.78834,1.43454]],[[103.78834,1.43454],[103.78835,1.43428],[103.78829,1.4338],[103.7882,1.43332],[103.78806,1.43278],[103.78795,1.43208],[103.788,1.43148],[103.78808,1.43102],[103.78826,1.4305],[103.78843,1.4302],[103.78881,1.42967],[103.78923,1.42928],[103.78966,1.42899],[103.78987,1.42888],[103.79012,1.42875],[103.79095,1.42846],[103.79161,1.42822],[103.79296,1.42765],[103.79376,1.42737],[103.79446,1.42711],[103.79489,1.42689]],[[103.79489,1.42689],[103.79522,1.42675],[103.79553,1.4266],[103.79587,1.42635],[103.79623,1.42606],[103.79671,1.42554],[103.79726,1.42476],[103.79855,1.4228],[103.80047,1.42022],[103.80053,1.42013],[103.80187,1.4183],[103.80211,1.41802],[103.80231,1.41781],[103.80254,1.41758],[103.80278,1.41735],[103.80368,1.4166],[103.80474,1.41566],[103.80544,1.41487],[103.80568,1.41456],[103.8062,1.41392],[103.80658,1.41341],[103.8068,1.41307],[103.80696,1.41269],[103.80704,1.41237],[103.80708,1.41202],[103.80713,1.41154],[103.80721,1.41103],[103.80732,1.41065],[103.808,1.40883],[103.80855,1.40753],[103.80881,1.40702],[103.80937,1.40614],[103.80991,1.40537],[103.81084,1.40421],[103.81124,1.40364],[103.8115,1.40331],[103.81179,1.40304],[103.8121,1.40284],[103.81256,1.40263],[103.81312,1.40246],[103.81355,1.40241],[103.81399,1.4024],[103.81464,1.40236],[103.81522,1.40228],[103.81557,1.40218],[103.81593,1.40201],[103.81634,1.40175],[103.81669,1.40143],[103.81699,1.40107],[103.81732,1.40045],[103.81774,1.39912],[103.81806,1.39822],[103.8184,1.39733],[103.8187,1.3966],[103.81898,1.39606],[103.81934,1.39564],[103.82086,1.39431],[103.82245,1.39271],[103.82385,1.39185],[103.82584,1.39099],[103.83176,1.388],[103.83482,1.38648],[103.83535,1.38614],[103.83572,1.38579],[103.83619,1.38536],[103.83663,1.38494],[103.83732,1.38429],[103.83798,1.38346],[103.83925,1.38147],[103.83962,1.38078],[103.83983,1.38007],[103.83987,1.37947],[103.83981,1.37891],[103.83961,1.37713],[103.83948,1.37654],[103.83934,1.37614],[103.83909,1.37574],[103.83887,1.37546],[103.83795,1.37464],[103.83781,1.37449],[103.83758,1.37422],[103.8374,1.37394],[103.83728,1.37371],[103.83725,1.37364],[103.83715,1.37332],[103.83705,1.37291],[103.83694,1.37247],[103.83686,1.37212],[103.83676,1.37153],[103.83666,1.37082],[103.83656,1.37031],[103.83644,1.36966],[103.83587,1.36671],[103.83565,1.36605],[103.83548,1.36571],[103.83532,1.36548],[103.8351,1.36522],[103.8348,1.36491],[103.83427,1.36441],[103.83348,1.3637],[103.83218,1.36256],[103.8314,1.36189],[103.83067,1.36125],[103.82973,1.36044],[103.82939,1.35997],[103.82911,1.35956],[103.8289,1.3591],[103.82886,1.35888],[103.82882,1.35861],[103.8288,1.3583],[103.82883,1.35802],[103.82888,1.35775],[103.82903,1.35736],[103.82933,1.357],[103.82983,1.35647],[103.83035,1.35599],[103.83063,1.35575],[103.83117,1.35541],[103.83138,1.35531],[103.83217,1.35491],[103.83268,1.35464],[103.83321,1.35436],[103.83359,1.35408],[103.83396,1.35372],[103.83452,1.35321],[103.83507,1.35271],[103.83533,1.35242],[103.8355,1.35215],[103.83564,1.35185],[103.83592,1.35104],[103.83611,1.35066],[103.83634,1.35033],[103.83708,1.34944],[103.83752,1.34882],[103.83793,1.34806],[103.83839,1.34696],[103.83864,1.34634],[103.83877,1.34599],[103.83888,1.34559],[103.83907,1.34462],[103.8393,1.3429],[103.83934,1.34212],[103.83935,1.34129],[103.83937,1.34079],[103.83941,1.34052],[103.83955,1.34001],[103.83971,1.33964],[103.83984,1.33941],[103.84,1.33909],[103.84016,1.33867],[103.84021,1.33814],[103.84023,1.33759],[103.84027,1.33552],[103.84035,1.33319],[103.84034,1.33185],[103.84028,1.33149],[103.84011,1.33106],[103.8399,1.33065],[103.83969,1.33035],[103.83936,1.33],[103.83895,1.3297],[103.83852,1.32949],[103.83804,1.32932],[103.83661,1.32894],[103.83527,1.32852],[103.83087,1.32716],[103.82952,1.32675],[103.82885,1.3265],[103.8284,1.32626],[103.82805,1.32598],[103.82773,1.32565],[103.82752,1.32535],[103.82727,1.32493],[103.82629,1.32314],[103.8259,1.32229],[103.82562,1.32162],[103.8255,1.3211],[103.82548,1.32079],[103.82549,1.32053],[103.82552,1.32023],[103.82559,1.3197],[103.82562,1.31952],[103.82574,1.31865],[103.82576,1.31832],[103.82572,1.31793],[103.82561,1.31746],[103.82547,1.31715],[103.82532,1.31688],[103.82515,1.31663],[103.82436,1.31555],[103.82412,1.31511],[103.82391,1.31479],[103.82373,1.31456],[103.82339,1.31417],[103.8232,1.31394],[103.82305,1.31373],[103.82297,1.31361],[103.82246,1.31258],[103.82228,1.3122],[103.82209,1.31184],[103.82192,1.31163],[103.82172,1.31142],[103.82039,1.31052],[103.82004,1.31027],[103.81964,1.30991],[103.81941,1.3096],[103.81925,1.3093],[103.81912,1.30897],[103.819,1.30866],[103.8189,1.30826],[103.81887,1.30796],[103.81888,1.30738],[103.81887,1.3068],[103.81886,1.30596],[103.81892,1.30536],[103.819,1.30489],[103.81915,1.30444],[103.81941,1.30396],[103.81979,1.30349],[103.82029,1.30303],[103.82065,1.30279],[103.82104,1.30258],[103.82155,1.30242],[103.82211,1.30233],[103.82278,1.30235],[103.82339,1.30244],[103.82397,1.30256],[103.82495,1.30277],[103.82542,1.30291],[103.82585,1.30313],[103.82629,1.30348],[103.82678,1.30401],[103.82719,1.3043],[103.82786,1.30462],[103.82828,1.30471],[103.82886,1.30474],[103.82933,1.30466],[103.82991,1.30444],[103.83032,1.3042],[103.83077,1.30376],[103.8314,1.30297],[103.83232,1.30189],[103.83342,1.30068],[103.83376,1.30018],[103.83391,1.29976],[103.83398,1.29946],[103.83399,1.29902],[103.83393,1.29835],[103.8338,1.29775],[103.83354,1.29684],[103.83348,1.2966],[103.83344,1.29639],[103.83341,1.29588],[103.83344,1.29551],[103.83356,1.29491],[103.83362,1.29465],[103.83388,1.29336],[103.83389,1.293],[103.83388,1.29276],[103.83382,1.29216],[103.83367,1.29044],[103.83366,1.29001],[103.83364,1.28894],[103.83366,1.28809],[103.83366,1.28709],[103.83369,1.28651],[103.83378,1.28608],[103.83389,1.2857],[103.83404,1.2854],[103.83435,1.28499],[103.83499,1.28426],[103.83562,1.28371],[103.83602,1.28347],[103.83636,1.2833],[103.83737,1.28285],[103.83808,1.28248],[103.83898,1.28189]],[[103.83898,1.28189],[103.83947,1.28158],[103.8402,1.2811],[103.84035,1.28099],[103.84094,1.28057]],[[103.84094,1.28057],[103.84126,1.2804],[103.84165,1.28026],[103.84189,1.28021],[103.84212,1.28017],[103.84249,1.28016],[103.84281,1.2802],[103.84372,1.28042],[103.84462,1.28065],[103.84487,1.2807],[103.84511,1.28073],[103.84533,1.28074],[103.84563,1.28072],[103.84601,1.28064],[103.84639,1.2805],[103.84672,1.28031],[103.847,1.28009],[103.84732,1.2798],[103.84758,1.27958]],[[103.84758,1.27958],[103.84773,1.27946],[103.8481,1.27919],[103.84902,1.27866],[103.84994,1.27807],[103.85046,1.27773],[103.85206,1.27672],[103.85306,1.27609],[103.85416,1.2754],[103.85557,1.27452],[103.85624,1.2741],[103.85831,1.27281],[103.85857,1.2727],[103.85875,1.27262]],[[103.85875,1.27262],[103.85916,1.2725],[103.85964,1.27245],[103.86001,1.27245],[103.86043,1.27252],[103.86091,1.27266],[103.86147,1.27297],[103.86315,1.27414],[103.86442,1.27502],[103.86472,1.27523],[103.86547,1.27575],[103.86569,1.27594],[103.86589,1.27615],[103.86614,1.2765],[103.86656,1.27711],[103.86701,1.27784],[103.86802,1.27943]],[[103.86802,1.27943],[103.86847,1.28014],[103.86882,1.28067],[103.86959,1.28192],[103.87091,1.28393],[103.87115,1.2847],[103.87122,1.28555],[103.87111,1.28635],[103.87094,1.28696],[103.87067,1.28749],[103.86884,1.29119],[103.86805,1.29274],[103.86775,1.29345],[103.86766,1.29392],[103.86765,1.29439],[103.86769,1.29485],[103.86779,1.29521],[103.86791,1.29556],[103.8681,1.29594],[103.86841,1.29633],[103.86877,1.29663],[103.86919,1.29689],[103.8698,1.29711],[103.8703,1.29719],[103.87058,1.2972],[103.87105,1.29718],[103.87227,1.29717],[103.87279,1.29717],[103.87354,1.2972],[103.87432,1.29723],[103.87454,1.29722],[103.8747,1.29721],[103.87484,1.29719],[103.87497,1.29717],[103.8751,1.29714],[103.87564,1.29699],[103.87588,1.29694],[103.87609,1.29691],[103.87632,1.2969],[103.87648,1.29691],[103.87666,1.29692],[103.87732,1.29705],[103.87851,1.29729],[103.8793,1.29746],[103.87978,1.29757],[103.88027,1.29769],[103.88112,1.29788],[103.88215,1.29799],[103.88293,1.29806]],[[103.88293,1.29806],[103.88351,1.29808],[103.88409,1.29806],[103.88528,1.29797],[103.88641,1.2979],[103.88729,1.29784],[103.88799,1.29775],[103.8903,1.29718],[103.89058,1.29713],[103.89087,1.2971],[103.89119,1.29711],[103.89152,1.29716],[103.89179,1.29722],[103.89206,1.29732],[103.89482,1.2982],[103.89521,1.29841],[103.89571,1.29871],[103.896,1.29885],[103.89631,1.29896],[103.89684,1.29907],[103.89742,1.29917],[103.8986,1.29936],[103.89903,1.29947],[103.8994,1.29961],[103.8998,1.29982],[103.90077,1.30049],[103.901,1.30057],[103.90133,1.30069]],[[103.90133,1.30069],[103.90214,1.30085],[103.90258,1.301],[103.90281,1.30111],[103.90303,1.30124],[103.90359,1.30164],[103.90441,1.30223],[103.90567,1.3031],[103.90668,1.30379],[103.90757,1.30439],[103.90874,1.30501],[103.91014,1.30564],[103.91048,1.30576],[103.91087,1.30585],[103.91132,1.30595],[103.91244,1.30619],[103.91322,1.30638],[103.91458,1.30672],[103.91592,1.30704],[103.91693,1.30729],[103.91738,1.30738],[103.91828,1.30755],[103.91982,1.30778],[103.92045,1.3079],[103.92125,1.30808],[103.92246,1.30836],[103.92275,1.30841],[103.923,1.30845],[103.92429,1.3086],[103.92469,1.30867],[103.925,1.30874],[103.9264,1.30912],[103.92681,1.3092],[103.92719,1.30927],[103.92826,1.30945],[103.9287,1.30956],[103.92942,1.30978],[103.93057,1.31012],[103.93133,1.31035],[103.93164,1.31042],[103.93189,1.31042],[103.93211,1.31042],[103.93225,1.31042],[103.93251,1.3104],[103.93303,1.31036],[103.93348,1.31035],[103.93373,1.31036],[103.93398,1.31039],[103.93415,1.31042],[103.93438,1.31048],[103.93455,1.31052],[103.93473,1.31059],[103.93496,1.31068],[103.9352,1.3108],[103.93559,1.31101],[103.93581,1.31112],[103.93601,1.31121],[103.93639,1.31136],[103.93661,1.31143]],[[103.93661,1.31143],[103.9372,1.31161]],[[103.9372,1.31161],[103.93785,1.31181],[103.94065,1.31268],[103.94184,1.31305]],[[103.94184,1.31305],[103.94439,1.31383]],[[103.94441,1.31372],[103.94187,1.31294]],[[103.94187,1.31294],[103.94069,1.31256],[103.93787,1.31171],[103.93722,1.31153]],[[103.93722,1.31153],[103.93662,1.31139]],[[103.93662,1.31139],[103.93638,1.31133],[103.93601,1.31119],[103.93581,1.31111],[103.93559,1.311],[103.9352,1.31079],[103.93496,1.31067],[103.93474,1.31058],[103.93456,1.31052],[103.93438,1.31047],[103.93416,1.31041],[103.93398,1.31038],[103.93373,1.31035],[103.93347,1.31034],[103.93304,1.31035],[103.93251,1.31037],[103.93226,1.31037],[103.93211,1.31037],[103.93189,1.31034],[103.93164,1.31031],[103.93135,1.31025],[103.93059,1.31001],[103.92946,1.30965],[103.92873,1.30942],[103.92829,1.30931],[103.92723,1.30917],[103.92684,1.30911],[103.92642,1.30902],[103.92502,1.30862],[103.92475,1.30856],[103.92431,1.30848],[103.92302,1.30833],[103.92279,1.30829],[103.92254,1.30825],[103.92127,1.30796],[103.92047,1.30778],[103.91985,1.30766],[103.9183,1.30739],[103.91739,1.30724],[103.91696,1.30715],[103.91595,1.3069],[103.91461,1.30657],[103.91325,1.30624],[103.91247,1.30606],[103.91135,1.30582],[103.9109,1.30573],[103.91052,1.30563],[103.91018,1.30551],[103.90778,1.30435],[103.90676,1.30368],[103.90575,1.30298],[103.9045,1.30211],[103.90364,1.30153],[103.9031,1.30116],[103.90285,1.30103],[103.9026,1.30092],[103.90214,1.3008],[103.90134,1.30064]],[[103.90134,1.30064],[103.90102,1.30054],[103.90077,1.30043],[103.89981,1.29981],[103.89941,1.2996],[103.89904,1.29944],[103.89862,1.29932],[103.89743,1.29912],[103.89684,1.29902],[103.89633,1.29892],[103.89601,1.29881],[103.89574,1.29868],[103.89525,1.29837],[103.89485,1.29817],[103.89206,1.29727],[103.89179,1.29718],[103.89154,1.29712],[103.8912,1.29706],[103.89087,1.29706],[103.89057,1.29709],[103.8903,1.29714],[103.888,1.29771],[103.88729,1.29782],[103.88642,1.29788],[103.88527,1.29795],[103.88411,1.29802],[103.88353,1.298],[103.88298,1.29796]],[[103.88298,1.29796],[103.88215,1.29787],[103.88113,1.29775],[103.88028,1.29756],[103.87977,1.29743],[103.87932,1.29733],[103.87849,1.29723],[103.87733,1.297],[103.87666,1.29687],[103.87647,1.29686],[103.87631,1.29685],[103.87609,1.29686],[103.87587,1.29689],[103.87563,1.29694],[103.8751,1.29709],[103.87496,1.29713],[103.87483,1.29715],[103.87469,1.29717],[103.87454,1.29718],[103.87444,1.29718],[103.87432,1.29718],[103.87354,1.29715],[103.87279,1.29711],[103.87205,1.29709],[103.87146,1.29708],[103.87104,1.29708],[103.87061,1.29709],[103.87008,1.29705],[103.8697,1.29695],[103.86922,1.29677],[103.8689,1.29656],[103.86863,1.29633],[103.86835,1.29604],[103.86811,1.29563],[103.86793,1.29529],[103.86787,1.29509],[103.86783,1.29491],[103.86781,1.29471],[103.86777,1.29445],[103.86779,1.29408],[103.86784,1.29373],[103.86792,1.29342],[103.86804,1.29311],[103.86822,1.29271],[103.86891,1.29122],[103.86941,1.29016],[103.87088,1.28744],[103.87111,1.28685],[103.87127,1.28628],[103.87134,1.28571],[103.87134,1.28514],[103.87125,1.28447],[103.87103,1.2839],[103.86975,1.28186]],[[103.86975,1.28186],[103.86859,1.28007],[103.86813,1.27935]],[[103.86813,1.27935],[103.86711,1.27775],[103.86666,1.27703],[103.86641,1.27664],[103.86618,1.2763],[103.866,1.27607],[103.86582,1.27586],[103.86556,1.27564],[103.86481,1.27511],[103.8643,1.27475],[103.86322,1.274],[103.86136,1.27271],[103.86086,1.27247],[103.86045,1.27235],[103.86001,1.27231],[103.85964,1.27232],[103.85909,1.27241],[103.85874,1.27256]],[[103.85874,1.27256],[103.85855,1.27266],[103.8583,1.2728],[103.85623,1.27409],[103.85556,1.27451],[103.85416,1.27539],[103.85306,1.27608],[103.85205,1.27671],[103.85045,1.27772],[103.84993,1.27805],[103.84902,1.27865],[103.8481,1.27918],[103.84772,1.27945],[103.84757,1.27956],[103.84732,1.27979],[103.84699,1.28008],[103.84671,1.2803],[103.84638,1.28049],[103.84601,1.28064],[103.84563,1.28071],[103.84533,1.28073],[103.84512,1.28072],[103.84487,1.2807],[103.84462,1.28064],[103.84372,1.28041],[103.84281,1.28018],[103.8426,1.28015],[103.84234,1.28012],[103.84205,1.28012],[103.84182,1.28016],[103.8415,1.28022],[103.84121,1.28032],[103.84089,1.28047]],[[103.84089,1.28047],[103.84048,1.28074],[103.84012,1.28097],[103.83938,1.28144],[103.83889,1.28176]],[[103.83889,1.28176],[103.83845,1.28206],[103.83763,1.28255],[103.83667,1.28302],[103.83646,1.28312],[103.83615,1.28328],[103.8357,1.28354],[103.83532,1.28379],[103.83491,1.28407],[103.83452,1.28437],[103.83424,1.28464],[103.83395,1.28502],[103.83382,1.28527],[103.83376,1.2854],[103.8337,1.28554],[103.83364,1.28569],[103.83361,1.28581],[103.83357,1.28616],[103.83353,1.28664],[103.83353,1.28683],[103.83355,1.28753],[103.83354,1.28808],[103.83353,1.28881],[103.83355,1.29025],[103.83357,1.29061],[103.83361,1.29099],[103.83375,1.2926],[103.83376,1.29306],[103.83374,1.29329],[103.83366,1.29392],[103.83352,1.29463],[103.83339,1.29523],[103.8333,1.29611],[103.83329,1.29647],[103.83335,1.29691],[103.83361,1.29776],[103.83381,1.29831],[103.83388,1.29861],[103.83392,1.29902],[103.83391,1.2993],[103.83386,1.29959],[103.83374,1.29996],[103.83361,1.30021],[103.83341,1.3005],[103.83233,1.30167],[103.83128,1.3029],[103.83084,1.30344],[103.83044,1.30387],[103.83007,1.30416],[103.82961,1.30439],[103.8291,1.30454],[103.82875,1.30456],[103.8284,1.30455],[103.82798,1.30448],[103.82739,1.30426],[103.82706,1.30407],[103.8262,1.30325],[103.82595,1.30304],[103.82523,1.3027],[103.82449,1.30253],[103.824,1.30243],[103.82327,1.30227],[103.82265,1.30219],[103.82198,1.30222],[103.82129,1.30238],[103.82065,1.30268],[103.82016,1.30304],[103.81974,1.30345],[103.81945,1.30382],[103.81923,1.30418],[103.81906,1.30456],[103.81895,1.30499],[103.81889,1.30536],[103.81882,1.30596],[103.81884,1.3068],[103.81885,1.30738],[103.81883,1.30796],[103.81885,1.30826],[103.81892,1.30866],[103.81905,1.30898],[103.81919,1.30932],[103.81936,1.30962],[103.8196,1.30994],[103.82,1.31031],[103.82036,1.31057],[103.82117,1.31112],[103.82145,1.31129],[103.82169,1.31145],[103.82188,1.31164],[103.82205,1.31187],[103.82223,1.31222],[103.82242,1.31259],[103.82297,1.31371],[103.8233,1.31426],[103.82498,1.31658],[103.82518,1.31686],[103.82534,1.31716],[103.82545,1.31741],[103.82554,1.31772],[103.82559,1.31802],[103.8256,1.3182],[103.82561,1.31841],[103.8256,1.31863],[103.82549,1.31951],[103.82539,1.32026],[103.82536,1.32055],[103.82535,1.32074],[103.82538,1.32106],[103.82544,1.32138],[103.82554,1.32171],[103.82605,1.32286],[103.82663,1.324],[103.82722,1.32507],[103.82748,1.32549],[103.82767,1.32577],[103.82791,1.32602],[103.8281,1.3262],[103.82847,1.32645],[103.82892,1.32669],[103.83019,1.3271],[103.83523,1.32866],[103.83691,1.32918],[103.83798,1.32945],[103.83852,1.32962],[103.83902,1.3299],[103.83932,1.33014],[103.83951,1.33032],[103.83973,1.33061],[103.83992,1.33098],[103.84003,1.33119],[103.84011,1.33141],[103.84016,1.33171],[103.84022,1.33206],[103.84019,1.33323],[103.84014,1.33551]],[[103.84014,1.33551],[103.84012,1.33758],[103.84009,1.33821],[103.84,1.33862],[103.83986,1.33906],[103.83974,1.33935],[103.83957,1.33974],[103.83944,1.34004],[103.83933,1.34044],[103.83928,1.3408],[103.83926,1.34113],[103.83923,1.34172],[103.83916,1.34246],[103.83879,1.34371],[103.83873,1.34414],[103.8387,1.34466],[103.8387,1.34533],[103.83858,1.34622],[103.83832,1.34692],[103.83796,1.34777],[103.83758,1.34853],[103.83703,1.3494],[103.83628,1.35029],[103.83605,1.35062],[103.83585,1.35102],[103.83556,1.35183],[103.83543,1.35212],[103.83527,1.35238],[103.83502,1.35266],[103.83448,1.35315],[103.83392,1.35367],[103.83355,1.35402],[103.83318,1.35429],[103.83266,1.35457],[103.83214,1.35483],[103.83136,1.35523],[103.83115,1.35533],[103.83059,1.35568],[103.8303,1.35593],[103.82978,1.35642],[103.82927,1.35695],[103.82896,1.35733],[103.82881,1.35775],[103.82875,1.35802],[103.82872,1.35832],[103.82874,1.35864],[103.82878,1.35892],[103.82883,1.35915],[103.82904,1.35963],[103.82932,1.36005],[103.82967,1.36053],[103.83062,1.36135],[103.83136,1.36199],[103.83214,1.36266],[103.8334,1.36378],[103.83422,1.36451],[103.83475,1.365],[103.83505,1.36531],[103.83526,1.36557],[103.83541,1.36579],[103.83558,1.36611],[103.8358,1.36676],[103.83634,1.36972],[103.83645,1.37036],[103.83652,1.37071],[103.83668,1.37157],[103.83678,1.37216],[103.83686,1.37252],[103.83697,1.37296],[103.83708,1.37338],[103.83717,1.37372],[103.8372,1.37379],[103.83728,1.37399],[103.83747,1.3743],[103.83771,1.37459],[103.83789,1.37476],[103.8388,1.37557],[103.83908,1.37592],[103.83927,1.37626],[103.83941,1.37663],[103.83951,1.37717],[103.83971,1.37898],[103.83976,1.37948],[103.83977,1.37953],[103.83972,1.38011],[103.83955,1.38068],[103.83919,1.38144],[103.83789,1.3834],[103.83723,1.38421],[103.83654,1.38486],[103.83612,1.38526],[103.83563,1.3857],[103.83528,1.38603],[103.83475,1.38639],[103.83173,1.38793],[103.82582,1.39092],[103.82382,1.39178],[103.82241,1.39264],[103.82081,1.39425],[103.81929,1.39559],[103.81892,1.39602],[103.81863,1.39658],[103.81833,1.39732],[103.81799,1.3982],[103.81766,1.39911],[103.81725,1.40043],[103.81693,1.40103],[103.81664,1.40137],[103.8163,1.40169],[103.81591,1.40194],[103.81556,1.4021],[103.81522,1.4022],[103.81466,1.40228],[103.81357,1.40232],[103.81313,1.40237],[103.81255,1.40255],[103.81208,1.40276],[103.81175,1.40298],[103.81145,1.40326],[103.81118,1.40359],[103.81079,1.40417],[103.80985,1.40532],[103.80931,1.4061],[103.80874,1.40699],[103.80848,1.4075],[103.80793,1.40881],[103.80724,1.41064],[103.80713,1.41102],[103.80705,1.41154],[103.807,1.41203],[103.80696,1.41237],[103.80688,1.41268],[103.80673,1.41304],[103.80651,1.41337],[103.80614,1.41387],[103.80563,1.41451],[103.80539,1.41482],[103.80469,1.4156],[103.80364,1.41654],[103.80273,1.41729],[103.80249,1.41753],[103.80225,1.41776],[103.80206,1.41797],[103.80182,1.41825],[103.80042,1.42006],[103.79861,1.42238]],[[103.79861,1.42238],[103.79825,1.42286],[103.79726,1.42405],[103.79638,1.42535],[103.796,1.42591],[103.79569,1.42622],[103.79536,1.42646],[103.79511,1.42662],[103.79488,1.42674],[103.79451,1.42694]],[[103.79451,1.42694],[103.79426,1.42706],[103.79374,1.42727],[103.79291,1.42756],[103.79123,1.42819],[103.79034,1.42853],[103.79006,1.42866],[103.78978,1.4288],[103.78951,1.42894],[103.78924,1.42912],[103.78865,1.42965],[103.78828,1.43014],[103.78807,1.43057],[103.78787,1.43109],[103.78779,1.43155],[103.78774,1.43217],[103.78785,1.43293],[103.78809,1.43396],[103.7881,1.43425],[103.7881,1.43454]],[[103.7881,1.43454],[103.788,1.43537]],[[103.788,1.43537],[103.78788,1.43624],[103.78776,1.43718]],[[103.78776,1.43718],[103.78776,1.43725],[103.78773,1.43751],[103.78774,1.43781],[103.78779,1.43829],[103.78791,1.43873],[103.78811,1.43918],[103.78839,1.43958],[103.78876,1.44016],[103.78898,1.44075],[103.78907,1.44146],[103.78901,1.44202],[103.78879,1.44265],[103.78792,1.44406],[103.78705,1.4457],[103.78684,1.4461]],[[103.78684,1.4461],[103.78628,1.44719]],[[103.78628,1.44719],[103.78565,1.44838]]]},"properties":{"ref":"TEL","name":"Thomson\u2013East Coast Line","colour":"#9d5b25","lrt":0,"building":0}},{"type":"Feature","geometry":{"type":"MultiLineString","coordinates":[[[103.67893,1.34201],[103.67805,1.3444],[103.67785,1.34508],[103.67776,1.34544],[103.67773,1.34571],[103.67775,1.34594],[103.6778,1.3462],[103.67793,1.3465],[103.67811,1.34677],[103.67831,1.34697],[103.67854,1.34714],[103.67961,1.34777],[103.68171,1.34899],[103.68186,1.34908],[103.68273,1.34957],[103.68298,1.3497],[103.68324,1.3498],[103.68351,1.34988],[103.68378,1.34993],[103.68412,1.34998],[103.68437,1.35002],[103.68461,1.35008],[103.68495,1.35025],[103.68521,1.35044],[103.68538,1.35062],[103.68557,1.35088],[103.68567,1.35109],[103.68575,1.35132],[103.68581,1.35164],[103.68585,1.35217],[103.68587,1.35226],[103.6859,1.35243],[103.68593,1.35253],[103.68597,1.35266],[103.68604,1.35285],[103.68614,1.35305],[103.6869,1.35443],[103.68703,1.35465],[103.68715,1.35484],[103.6873,1.35498],[103.68744,1.35508],[103.68759,1.35516],[103.68781,1.35524],[103.68808,1.35526],[103.68826,1.35524],[103.68845,1.35519],[103.68869,1.35507],[103.68889,1.3549],[103.68909,1.35468],[103.68926,1.35443],[103.68942,1.35413],[103.68955,1.35381],[103.69001,1.35244],[103.6901,1.3522],[103.69021,1.35201],[103.69031,1.35188],[103.69046,1.35173],[103.69064,1.35159],[103.69131,1.35111],[103.69249,1.35025],[103.69328,1.3497],[103.69383,1.34931],[103.69417,1.3491],[103.69445,1.34896],[103.69475,1.34884],[103.69496,1.34878],[103.69511,1.34874],[103.69545,1.34867],[103.69668,1.34853],[103.69737,1.34845],[103.69885,1.34828],[103.70001,1.34816],[103.70022,1.34813],[103.70045,1.34807],[103.7006,1.34801],[103.70079,1.34791],[103.70089,1.34784],[103.70101,1.34774]],[[103.70101,1.34774],[103.70111,1.34762],[103.70123,1.34747],[103.70146,1.34713],[103.70185,1.34656],[103.702,1.34639],[103.7022,1.34626],[103.70239,1.34618],[103.70258,1.34616],[103.70279,1.34618],[103.70297,1.34624]],[[103.70297,1.34624],[103.70323,1.34636],[103.70452,1.34701],[103.70532,1.34734],[103.70562,1.34747],[103.70594,1.34765],[103.70702,1.34837],[103.70763,1.34885],[103.70881,1.34966],[103.71004,1.35042],[103.71247,1.35208],[103.71317,1.35262],[103.71446,1.35352],[103.71498,1.35383],[103.71556,1.35412],[103.71616,1.35443],[103.71676,1.3547],[103.71736,1.35492],[103.71765,1.35501],[103.71796,1.35506],[103.72046,1.35527],[103.72115,1.35531],[103.72184,1.35532],[103.72213,1.35534],[103.72243,1.35538],[103.72276,1.35548],[103.72311,1.35559],[103.72365,1.35591],[103.72416,1.35635],[103.72496,1.35718],[103.72526,1.35747],[103.72545,1.35765],[103.72663,1.35864],[103.72705,1.359],[103.72723,1.35916],[103.72731,1.35926],[103.72736,1.35933],[103.72742,1.35943],[103.7275,1.3596],[103.72799,1.36089],[103.72814,1.36132],[103.72852,1.36225],[103.72871,1.3628],[103.72886,1.36323],[103.72902,1.36369],[103.72924,1.3643],[103.72948,1.36499],[103.72972,1.36561],[103.73068,1.36824],[103.73224,1.37249],[103.73244,1.37303],[103.73274,1.37354],[103.73301,1.37388],[103.73336,1.37422],[103.73493,1.37574],[103.73523,1.37598],[103.73556,1.37623],[103.73807,1.37793],[103.73852,1.37824],[103.73901,1.37861]],[[103.73901,1.37861],[103.73906,1.37865],[103.73934,1.37886],[103.74058,1.3797],[103.74153,1.38028],[103.74246,1.38091],[103.74267,1.38103],[103.74289,1.38114],[103.74331,1.38133],[103.74347,1.38143],[103.74361,1.38154],[103.74373,1.38166],[103.74384,1.38179],[103.74393,1.38193],[103.744,1.38208],[103.74407,1.38229],[103.74413,1.38258],[103.74416,1.3828],[103.74417,1.38302],[103.74415,1.38337],[103.74404,1.3843],[103.744,1.3853],[103.74396,1.38612]],[[103.71048,1.31169],[103.71018,1.31367],[103.71012,1.31394],[103.70977,1.31664],[103.70979,1.31708],[103.70984,1.31734],[103.71031,1.31962],[103.71035,1.31994],[103.71034,1.32025],[103.7103,1.32064],[103.70969,1.32346],[103.70939,1.32452],[103.70901,1.32595],[103.70878,1.32697],[103.70831,1.32863],[103.7082,1.32923],[103.70813,1.33005],[103.70814,1.33087],[103.70819,1.33137],[103.70832,1.33203],[103.709,1.33472],[103.70899,1.33504],[103.70892,1.33525],[103.70878,1.33547],[103.7086,1.33562],[103.70835,1.33575],[103.70686,1.33613],[103.70537,1.33673],[103.70513,1.33685],[103.70495,1.33702],[103.70474,1.33735]],[[103.70474,1.33735],[103.70415,1.33906],[103.70407,1.33938],[103.70398,1.34005],[103.70364,1.34331],[103.70358,1.34365],[103.70346,1.34398],[103.70275,1.34498]],[[103.70275,1.34498],[103.70189,1.34632],[103.70142,1.34711],[103.70118,1.34744],[103.70108,1.34759],[103.70096,1.3477],[103.70086,1.3478],[103.70076,1.34786],[103.70057,1.34797],[103.70042,1.34803],[103.7002,1.34808],[103.7,1.34811],[103.69884,1.34824],[103.69808,1.34833],[103.69737,1.34841],[103.69668,1.34849],[103.69653,1.34851],[103.69619,1.34854],[103.69592,1.34858],[103.6957,1.34861],[103.69544,1.34863],[103.69501,1.34871],[103.69473,1.3488],[103.69461,1.34884],[103.6945,1.34889],[103.69429,1.34899],[103.69417,1.34905],[103.69382,1.34925],[103.69326,1.34966],[103.69246,1.35022],[103.69128,1.35107],[103.69062,1.35155],[103.69043,1.3517],[103.69027,1.35185],[103.69017,1.35199],[103.69006,1.35219],[103.68997,1.35242],[103.68951,1.35379],[103.68938,1.35411],[103.68921,1.35441],[103.68904,1.35465],[103.68884,1.35485],[103.68863,1.35497],[103.68841,1.35505],[103.68823,1.35507],[103.68806,1.35507],[103.68785,1.35504],[103.68765,1.35497],[103.68752,1.3549],[103.68739,1.3548],[103.68729,1.3547],[103.68716,1.35454],[103.68705,1.35435],[103.68628,1.35297],[103.68619,1.35279],[103.68611,1.35262],[103.68605,1.35249],[103.68596,1.35217],[103.68586,1.35164],[103.68579,1.35131],[103.68571,1.35107],[103.6856,1.35085],[103.68541,1.35058],[103.68524,1.3504],[103.68498,1.35021],[103.68462,1.35004],[103.68438,1.34998],[103.68413,1.34993],[103.6838,1.34989],[103.68352,1.34984],[103.68326,1.34976],[103.683,1.34966],[103.68275,1.34953],[103.68189,1.34903],[103.67963,1.34772],[103.67858,1.34711],[103.67833,1.34693],[103.67815,1.34674],[103.67797,1.34648],[103.67785,1.34618],[103.67779,1.34593],[103.67778,1.34571],[103.67781,1.34544],[103.6779,1.3451],[103.67814,1.34443],[103.67908,1.34208]],[[103.74934,1.31751],[103.74869,1.31767],[103.7482,1.3178],[103.74515,1.31841],[103.74493,1.31846],[103.74467,1.31856],[103.74434,1.31895],[103.7443,1.31938],[103.74433,1.31973],[103.74437,1.31986]],[[103.74437,1.31986],[103.7452,1.32142],[103.74528,1.3216],[103.74535,1.32181],[103.74539,1.32199],[103.74543,1.32219],[103.74546,1.32453],[103.74539,1.3252],[103.74525,1.32579],[103.74491,1.32712],[103.74478,1.32747],[103.7447,1.32763],[103.74463,1.32776],[103.74456,1.32786],[103.74445,1.328],[103.7444,1.32806],[103.74432,1.32815],[103.74423,1.32825],[103.74333,1.3291],[103.7431,1.32936],[103.74278,1.3297],[103.74258,1.33004],[103.74248,1.33043],[103.74247,1.33081],[103.74251,1.33129],[103.74249,1.33178],[103.74241,1.33206],[103.74194,1.3329],[103.74139,1.33395],[103.74088,1.335],[103.74041,1.33588],[103.74025,1.33635],[103.74023,1.33673],[103.74035,1.33724],[103.74068,1.33771],[103.74206,1.33944],[103.74279,1.34044],[103.74337,1.3411],[103.74428,1.34232],[103.7446,1.34301],[103.74465,1.34339],[103.74461,1.34377],[103.74448,1.34417],[103.74409,1.3447],[103.74355,1.34505],[103.74298,1.34517],[103.74056,1.34534],[103.74021,1.3454],[103.73865,1.34579],[103.73828,1.346],[103.73808,1.3462],[103.73796,1.34639],[103.73786,1.34658],[103.7378,1.3468],[103.73777,1.34701],[103.73776,1.34726],[103.73776,1.34865],[103.73774,1.34898],[103.73769,1.3493],[103.73748,1.34998],[103.73723,1.35068],[103.73696,1.35156],[103.73649,1.35304],[103.73628,1.35379],[103.7362,1.35405],[103.73611,1.35428],[103.73599,1.35452],[103.73585,1.35475],[103.73571,1.35493],[103.73556,1.35511],[103.73507,1.35562],[103.73493,1.35577],[103.73439,1.35628],[103.73386,1.3568],[103.73294,1.35776],[103.73217,1.35862],[103.73115,1.35969],[103.73027,1.36056],[103.72937,1.36154],[103.72912,1.36182],[103.72894,1.3621],[103.72887,1.36227],[103.72882,1.36246],[103.72878,1.36265],[103.72877,1.3628],[103.72878,1.36302],[103.72881,1.3632],[103.72897,1.36344],[103.72902,1.36369]],[[103.73028,1.36706],[103.72972,1.3656],[103.72955,1.36496],[103.72902,1.36369]],[[103.72896,1.36323],[103.7289,1.36306],[103.72887,1.36288],[103.72886,1.36268],[103.72888,1.36248],[103.72893,1.36229],[103.729,1.36213],[103.72917,1.36186],[103.7294,1.36159],[103.72957,1.36142],[103.73118,1.35973],[103.73222,1.35866],[103.73304,1.35785],[103.73396,1.35689],[103.73445,1.35637],[103.73509,1.35565],[103.73559,1.35513],[103.73574,1.35496],[103.73588,1.35477],[103.73602,1.35455],[103.73615,1.35431],[103.73625,1.35408],[103.73636,1.35382],[103.73663,1.35309],[103.7371,1.3516],[103.73737,1.35073],[103.73759,1.35001],[103.7378,1.34933],[103.73785,1.34899],[103.73786,1.34865],[103.73787,1.34727],[103.73788,1.34703],[103.73791,1.34683],[103.73797,1.34665],[103.73805,1.34648],[103.73817,1.34631],[103.73836,1.34613],[103.7387,1.34593],[103.74069,1.34542],[103.74116,1.34535],[103.74298,1.34522],[103.74357,1.3451],[103.74413,1.34475],[103.74452,1.34422],[103.74468,1.34378],[103.74471,1.3434],[103.74464,1.34299],[103.74433,1.34228],[103.74315,1.34068],[103.74218,1.33937],[103.74074,1.33769],[103.7404,1.33722],[103.74028,1.33669],[103.74031,1.33633],[103.74046,1.3359],[103.74099,1.33491],[103.74143,1.33397],[103.74199,1.33293],[103.74231,1.33234],[103.74242,1.33216],[103.74254,1.33178],[103.74256,1.33128],[103.74252,1.33081],[103.74253,1.33043],[103.74263,1.33007],[103.74282,1.32974],[103.74315,1.32938],[103.74336,1.32916],[103.74445,1.32812],[103.74458,1.32799],[103.74475,1.32779],[103.74486,1.32762],[103.74495,1.32744],[103.74499,1.32736],[103.74507,1.32713],[103.74536,1.326],[103.74547,1.32554],[103.74552,1.32518],[103.74557,1.32209],[103.74555,1.32185],[103.74552,1.32172],[103.74548,1.32154],[103.74541,1.32137],[103.74528,1.3211],[103.7445,1.31977]],[[103.7445,1.31977],[103.74444,1.31965],[103.74439,1.31938],[103.74442,1.31896],[103.74471,1.3186],[103.74494,1.3185],[103.74516,1.31846],[103.7482,1.31784],[103.7487,1.31771],[103.74935,1.31754]],[[103.74409,1.38613],[103.74412,1.3853],[103.74417,1.38434],[103.74422,1.38338],[103.74422,1.38301],[103.7442,1.3828],[103.74417,1.38258],[103.74411,1.38228],[103.74404,1.38207],[103.74396,1.38191],[103.74388,1.38177],[103.74376,1.38163],[103.74364,1.3815],[103.74349,1.3814],[103.74332,1.38129],[103.74291,1.38111],[103.74269,1.38099],[103.74247,1.38087],[103.74155,1.38025],[103.74066,1.37957],[103.73942,1.37873],[103.73913,1.37856]],[[103.73913,1.37856],[103.73907,1.37852]],[[103.73907,1.37852],[103.73854,1.37819],[103.73558,1.37619],[103.73526,1.37595],[103.73498,1.3757],[103.7334,1.37419],[103.73312,1.37385],[103.73288,1.37353],[103.73259,1.37299],[103.73238,1.37243],[103.73087,1.36838],[103.73051,1.36735],[103.72985,1.36556],[103.72896,1.36323],[103.72857,1.36225],[103.72822,1.36138],[103.72804,1.36085],[103.72764,1.35979],[103.72753,1.35949],[103.72748,1.35937],[103.72742,1.35924],[103.72731,1.35906],[103.72716,1.35889],[103.72697,1.35872],[103.72669,1.35848],[103.72559,1.35755],[103.72538,1.35738],[103.7248,1.35689],[103.72451,1.35662],[103.72421,1.35632],[103.7237,1.35589],[103.72314,1.35556],[103.72279,1.35543],[103.72246,1.35534],[103.72214,1.3553],[103.72184,1.35528],[103.72115,1.35527],[103.72046,1.35523],[103.71921,1.35512],[103.7186,1.35507],[103.71829,1.35502],[103.71797,1.35495],[103.71739,1.35479],[103.71681,1.35458],[103.71622,1.3543],[103.71561,1.354],[103.71506,1.3537],[103.71457,1.35339],[103.71326,1.3525],[103.7125,1.35204],[103.71006,1.35038],[103.7089,1.34952],[103.70771,1.34871],[103.70705,1.34833],[103.70598,1.34761],[103.70566,1.34741],[103.70536,1.34724],[103.70461,1.34686],[103.70331,1.34621]],[[103.70331,1.34621],[103.70308,1.34607],[103.70293,1.34591],[103.70285,1.34579],[103.7028,1.34566],[103.70276,1.34552],[103.70275,1.34533],[103.70277,1.34516],[103.70282,1.34503]],[[103.70282,1.34503],[103.7034,1.34417],[103.70357,1.34385],[103.70363,1.34364],[103.70368,1.34335],[103.70406,1.33999],[103.7041,1.33971],[103.70419,1.33939],[103.70491,1.33742]],[[103.70491,1.33742],[103.70509,1.33708],[103.70524,1.33695],[103.70544,1.33682],[103.70693,1.33623],[103.7084,1.33584],[103.70873,1.33571],[103.70891,1.33557],[103.70908,1.33534],[103.70918,1.33507],[103.70917,1.33465],[103.70832,1.33133],[103.70822,1.33087],[103.70817,1.33019],[103.70825,1.32927],[103.70841,1.32849],[103.70879,1.32716],[103.70918,1.32601],[103.70954,1.32455],[103.70973,1.32356],[103.71029,1.32091],[103.71038,1.32043],[103.7104,1.31996],[103.71036,1.31963],[103.70986,1.31716],[103.70982,1.31693],[103.70983,1.3166],[103.71003,1.31513],[103.71009,1.3147],[103.71021,1.31434],[103.71022,1.31433],[103.7103,1.31389],[103.71064,1.31172]]]},"properties":{"ref":"JRL","name":"Jurong Region Line","colour":"#0099aa","lrt":0,"building":1}},{"type":"Feature","geometry":{"type":"MultiLineString","coordinates":[[[103.74457,1.38485],[103.74458,1.38471],[103.74461,1.38429],[103.74461,1.38425],[103.74462,1.38408],[103.74462,1.38392],[103.74461,1.38383],[103.74459,1.38372],[103.74443,1.38296],[103.74437,1.38262],[103.74424,1.38191],[103.74414,1.38132],[103.74412,1.38118],[103.74415,1.38103],[103.7442,1.3809],[103.7443,1.38078],[103.74443,1.38069],[103.74514,1.38036],[103.74529,1.38029],[103.7456,1.38015],[103.74589,1.37998],[103.74668,1.3796],[103.748,1.379],[103.74828,1.3789],[103.74857,1.37881],[103.74876,1.37874],[103.74904,1.37861],[103.7495,1.37842],[103.74996,1.37822],[103.75328,1.37672],[103.75339,1.37669],[103.75349,1.37668],[103.75363,1.37668],[103.75392,1.37668],[103.75406,1.37671],[103.75421,1.37676],[103.75471,1.37695],[103.75483,1.37699],[103.75518,1.37707],[103.75538,1.37711],[103.75561,1.37718],[103.75584,1.3773],[103.75636,1.37767],[103.75681,1.37796],[103.75719,1.37819],[103.7577,1.37851],[103.7578,1.37856],[103.75799,1.37862],[103.75875,1.37887],[103.75954,1.37918]],[[103.75954,1.37918],[103.76008,1.3794],[103.76019,1.37944],[103.76033,1.37949],[103.7604,1.3795],[103.76048,1.37951],[103.76057,1.3795],[103.76064,1.37949],[103.76072,1.37947],[103.76079,1.37943],[103.76086,1.37938],[103.76092,1.37932],[103.76098,1.37925],[103.76117,1.37889],[103.76121,1.37882],[103.7616,1.37805],[103.76166,1.37794],[103.76172,1.37787],[103.7618,1.37781],[103.7619,1.37775],[103.76201,1.37772],[103.76212,1.37771],[103.76225,1.37772],[103.7627,1.37783],[103.76308,1.37794],[103.76322,1.37797]],[[103.76322,1.37797],[103.76385,1.37812],[103.76391,1.37814],[103.76398,1.37817],[103.76407,1.37822],[103.76413,1.37828],[103.76419,1.37835],[103.76424,1.37843],[103.76426,1.3785],[103.76428,1.37858],[103.76428,1.37863],[103.76428,1.37868],[103.76427,1.37878],[103.76426,1.37882],[103.76422,1.37893],[103.76412,1.37913],[103.76403,1.37932],[103.76375,1.37986],[103.76359,1.38018],[103.76336,1.38065],[103.76328,1.38085],[103.76318,1.38109],[103.76302,1.38143],[103.76292,1.38164],[103.76277,1.38194],[103.76258,1.38225],[103.76254,1.38231],[103.76247,1.38244],[103.76237,1.38268],[103.76226,1.38287],[103.76222,1.38299],[103.76218,1.38314],[103.76216,1.38325],[103.76215,1.38336],[103.76214,1.38345],[103.76215,1.38356],[103.76217,1.38371],[103.7622,1.38385],[103.76227,1.3841],[103.76232,1.38431],[103.76239,1.38451],[103.76247,1.38471],[103.76254,1.38485],[103.76268,1.38507],[103.76279,1.38522],[103.76288,1.38532],[103.76298,1.38543],[103.76314,1.38557],[103.76329,1.38569],[103.76354,1.38585],[103.7638,1.38602],[103.76393,1.38611],[103.76401,1.38617],[103.76405,1.38621],[103.76411,1.38626],[103.76416,1.38632],[103.76435,1.38653],[103.7645,1.38671],[103.76462,1.38685],[103.76473,1.38697],[103.7649,1.38715],[103.76502,1.38727],[103.76522,1.38752],[103.76579,1.38825],[103.76588,1.38835],[103.76596,1.38844],[103.7661,1.38856],[103.76624,1.38866],[103.76636,1.38873],[103.76646,1.38877],[103.76657,1.38881],[103.76666,1.38884],[103.76678,1.38887],[103.76694,1.38889],[103.76704,1.38889],[103.76713,1.38889],[103.76726,1.38888],[103.76739,1.38885],[103.76752,1.38882],[103.76767,1.38877],[103.76787,1.38867],[103.76809,1.38855],[103.76853,1.38832],[103.76875,1.38822],[103.7691,1.38808],[103.76919,1.38804],[103.76927,1.38799],[103.76941,1.38791],[103.76959,1.3878],[103.76987,1.38763],[103.76995,1.38759],[103.77004,1.38755],[103.77017,1.38749],[103.77026,1.38745],[103.77041,1.38736],[103.77076,1.38715],[103.77085,1.38708],[103.77093,1.38703],[103.77099,1.38697],[103.77107,1.3869],[103.77111,1.38686],[103.77115,1.38682],[103.77118,1.38678],[103.77123,1.38673],[103.77128,1.38665],[103.77136,1.38654],[103.77157,1.38621],[103.77159,1.38617],[103.77161,1.38613],[103.77162,1.38609],[103.77163,1.38605],[103.77164,1.38602],[103.77164,1.386],[103.77164,1.38595],[103.77165,1.38592],[103.77164,1.38589],[103.77164,1.38586],[103.77164,1.38584],[103.77163,1.38579],[103.77162,1.38574],[103.7716,1.38569],[103.77159,1.38566],[103.77157,1.38562],[103.77155,1.38558],[103.77148,1.38546],[103.77139,1.38532],[103.7713,1.38516],[103.77117,1.38495],[103.7711,1.38483],[103.77101,1.38471],[103.77089,1.38459],[103.77076,1.38445],[103.77068,1.38437],[103.7706,1.38429],[103.77052,1.38422],[103.77047,1.38417],[103.77038,1.38412],[103.77016,1.38397],[103.77011,1.38393],[103.77007,1.38391],[103.77003,1.38386],[103.76998,1.38382],[103.76994,1.38378],[103.7699,1.38374],[103.76985,1.38367],[103.7698,1.3836],[103.76977,1.38356],[103.76973,1.38349],[103.76966,1.38338],[103.76953,1.38317],[103.76949,1.3831],[103.76947,1.38305],[103.76942,1.38294],[103.76938,1.38281],[103.76936,1.38269],[103.76935,1.38259],[103.76935,1.38246],[103.76934,1.38234],[103.76934,1.38225],[103.76935,1.38221],[103.76935,1.38217],[103.76936,1.38212],[103.76937,1.38209],[103.76938,1.38207],[103.76941,1.38201],[103.76945,1.38195],[103.7695,1.3819],[103.76956,1.38186],[103.76965,1.38183],[103.76971,1.38181],[103.76978,1.38181],[103.76991,1.38181]],[[103.76991,1.38181],[103.7704,1.38182],[103.77054,1.38183],[103.77095,1.38183],[103.77136,1.38184],[103.77193,1.38185]],[[103.77193,1.38185],[103.77217,1.38185],[103.77227,1.38184],[103.77235,1.38181],[103.77241,1.38179],[103.77246,1.38176],[103.77252,1.38172],[103.77256,1.38169],[103.7726,1.38165],[103.77264,1.38159],[103.77268,1.38152],[103.77271,1.38146],[103.77272,1.3814],[103.77274,1.38131],[103.77274,1.38123],[103.77273,1.38113],[103.77271,1.38093],[103.77268,1.38066],[103.77267,1.38058],[103.77267,1.38046],[103.77267,1.38004],[103.77267,1.37982],[103.77267,1.3795],[103.77267,1.37934],[103.77267,1.37915],[103.77266,1.37903],[103.77265,1.37891],[103.77264,1.37882],[103.77262,1.37871],[103.7726,1.37861],[103.77257,1.37851],[103.77253,1.37839],[103.7725,1.37831],[103.77236,1.37797],[103.77224,1.37772],[103.77213,1.37754],[103.77172,1.37691],[103.77129,1.37614],[103.77105,1.37577],[103.77094,1.37562],[103.77086,1.37554],[103.77076,1.37548],[103.77066,1.37545],[103.77055,1.37543],[103.77046,1.37543],[103.77037,1.37544],[103.7702,1.37548],[103.76724,1.37731],[103.76717,1.37736],[103.7671,1.37742],[103.76684,1.37761],[103.76662,1.37775],[103.76649,1.37783],[103.76613,1.37805],[103.76605,1.3781],[103.766,1.37812],[103.76595,1.37815],[103.76588,1.37818],[103.7658,1.37821],[103.76574,1.37823],[103.76567,1.37825],[103.76556,1.37828],[103.76541,1.3783],[103.76533,1.3783],[103.76526,1.37831],[103.76512,1.37831],[103.76504,1.37831]],[[103.76504,1.37831],[103.76494,1.3783],[103.7649,1.3783],[103.76485,1.37829],[103.76472,1.37827],[103.7645,1.37823],[103.76442,1.37821],[103.76435,1.37819],[103.76393,1.37806],[103.76342,1.37793]],[[103.76342,1.37793],[103.76339,1.37792],[103.76337,1.37792],[103.76334,1.37792],[103.76331,1.37793],[103.76329,1.37793],[103.76326,1.37793],[103.76323,1.37793]],[[103.76323,1.37793],[103.7631,1.3779],[103.76263,1.37778],[103.76226,1.3777],[103.76212,1.37768],[103.76199,1.3777],[103.76188,1.37774],[103.76178,1.3778],[103.76171,1.37785],[103.76164,1.37793],[103.76143,1.37833],[103.76123,1.37871],[103.76113,1.3789],[103.76097,1.37922],[103.7609,1.37931],[103.76084,1.37937],[103.76076,1.37942],[103.76068,1.37945],[103.76062,1.37947],[103.76055,1.37948],[103.76047,1.37948],[103.76038,1.37947],[103.76031,1.37945],[103.76014,1.37939],[103.75943,1.37911]],[[103.75943,1.37911],[103.75876,1.37884],[103.758,1.3786],[103.75782,1.37854],[103.75771,1.37849],[103.75719,1.37817],[103.75683,1.37794],[103.75638,1.37765],[103.75583,1.37726],[103.75562,1.37715],[103.75538,1.37708],[103.75518,1.37704],[103.75484,1.37697],[103.75471,1.37692],[103.75423,1.37673],[103.75408,1.37668],[103.75392,1.37665],[103.75364,1.37665],[103.75349,1.37665],[103.75338,1.37666],[103.75327,1.37669],[103.74995,1.37819],[103.74948,1.37838],[103.74903,1.37858],[103.74874,1.37871],[103.74856,1.37878],[103.74827,1.37886],[103.74799,1.37896],[103.74666,1.37958],[103.74588,1.37995],[103.74559,1.38012],[103.74528,1.38026],[103.74513,1.38033],[103.74442,1.38067],[103.74429,1.38076],[103.74418,1.38088],[103.74412,1.38102],[103.7441,1.38118],[103.74412,1.38133],[103.74422,1.38191],[103.74434,1.38262],[103.74441,1.38296],[103.74452,1.38358],[103.74453,1.38368],[103.74454,1.38378],[103.74454,1.38388],[103.74454,1.38395],[103.74451,1.38451],[103.7445,1.38471],[103.74449,1.38484]],[[103.76322,1.37797],[103.76325,1.37798],[103.76327,1.37799],[103.76329,1.37801],[103.76332,1.37803],[103.76335,1.37804],[103.76338,1.37806]],[[103.76338,1.37806],[103.76427,1.37828],[103.76439,1.3783],[103.7645,1.37832],[103.76503,1.37834]],[[103.76503,1.37834],[103.76515,1.37834],[103.76526,1.37834],[103.76538,1.37834],[103.76547,1.37832],[103.76558,1.37831],[103.76567,1.37828],[103.76575,1.37826],[103.76582,1.37824],[103.76589,1.37821],[103.76596,1.37818],[103.76605,1.37814],[103.76615,1.37809],[103.76651,1.37786],[103.76665,1.37778],[103.76692,1.3776],[103.7671,1.37747],[103.76721,1.37738],[103.76726,1.37734],[103.76732,1.3773],[103.76769,1.37708],[103.76973,1.37583],[103.77021,1.37551],[103.77037,1.37546],[103.77046,1.37546],[103.77055,1.37545],[103.77065,1.37547],[103.77075,1.37551],[103.77084,1.37557],[103.77091,1.37564],[103.77102,1.37579],[103.77126,1.37616],[103.77169,1.37693],[103.77211,1.37757],[103.77221,1.37774],[103.77232,1.37797],[103.77247,1.37832],[103.77249,1.37839],[103.77253,1.37852],[103.77256,1.3786],[103.77258,1.3787],[103.77259,1.37876],[103.77262,1.37892],[103.77263,1.37906],[103.77263,1.37917],[103.77263,1.37951],[103.77263,1.37981],[103.77263,1.38004],[103.77263,1.38046],[103.77264,1.38066],[103.77267,1.38094],[103.77271,1.38122],[103.77271,1.38131],[103.77269,1.3814],[103.77266,1.38149],[103.77262,1.38156],[103.77257,1.38162],[103.77253,1.38166],[103.77249,1.3817],[103.77245,1.38173],[103.7724,1.38175],[103.77235,1.38178],[103.77229,1.3818],[103.77221,1.38181],[103.77211,1.38181],[103.77192,1.38181]],[[103.77192,1.38181],[103.77135,1.3818],[103.77074,1.38178],[103.7706,1.38178],[103.77053,1.38178],[103.76991,1.38178]],[[103.76991,1.38178],[103.76978,1.38178],[103.76973,1.38178],[103.76968,1.38179],[103.76962,1.3818],[103.76955,1.38183],[103.76948,1.38187],[103.76945,1.3819],[103.76942,1.38194],[103.76938,1.38199],[103.76935,1.38205],[103.76934,1.38209],[103.76933,1.38212],[103.76932,1.38217],[103.76931,1.3822],[103.76931,1.38223],[103.76931,1.38227],[103.76931,1.38236],[103.76931,1.38246],[103.76932,1.38259],[103.76932,1.38265],[103.76932,1.3827],[103.76935,1.38283],[103.76939,1.38295],[103.76943,1.38306],[103.76946,1.38312],[103.7695,1.38318],[103.76963,1.3834],[103.7697,1.38351],[103.76974,1.38358],[103.76977,1.38363],[103.7698,1.38367],[103.76982,1.3837],[103.76988,1.38376],[103.76996,1.38385],[103.77,1.38389],[103.77006,1.38394],[103.77008,1.38396],[103.77011,1.38398],[103.77017,1.38402],[103.77032,1.38411],[103.77044,1.3842],[103.77051,1.38425],[103.77057,1.3843],[103.77062,1.38435],[103.77068,1.38441],[103.77086,1.3846],[103.77098,1.38474],[103.77107,1.38485],[103.7711,1.3849],[103.77114,1.38497],[103.77127,1.38518],[103.77137,1.38534],[103.77145,1.38549],[103.77151,1.38559],[103.77154,1.38564],[103.77155,1.38567],[103.77157,1.3857],[103.77158,1.38574],[103.7716,1.38579],[103.7716,1.38583],[103.77161,1.38588],[103.77161,1.38593],[103.7716,1.38602],[103.77159,1.38608],[103.77158,1.38612],[103.77154,1.38619],[103.77132,1.38653],[103.77125,1.38663],[103.77119,1.38672],[103.77116,1.38676],[103.77113,1.3868],[103.77109,1.38683],[103.77105,1.38687],[103.77098,1.38693],[103.77094,1.38697],[103.77089,1.38701],[103.77082,1.38706],[103.77074,1.38712],[103.77039,1.38733],[103.77026,1.3874],[103.77016,1.38746],[103.77002,1.38752],[103.76993,1.38756],[103.76984,1.38761],[103.76957,1.38777],[103.76939,1.38788],[103.76924,1.38797],[103.76917,1.38801],[103.76908,1.38805],[103.76875,1.38818],[103.76856,1.38826],[103.76809,1.38851],[103.76785,1.38864],[103.76765,1.38874],[103.76751,1.38878],[103.76738,1.38882],[103.76722,1.38885],[103.76714,1.38885],[103.76704,1.38885],[103.76693,1.38885],[103.7668,1.38883],[103.76667,1.38881],[103.76656,1.38877],[103.76645,1.38873],[103.76634,1.38868],[103.76625,1.38862],[103.76611,1.38852],[103.76599,1.38843],[103.7659,1.38833],[103.76582,1.38823],[103.76526,1.3875],[103.76504,1.38725],[103.76493,1.38713],[103.76478,1.38697],[103.76465,1.38683],[103.76453,1.38668],[103.76421,1.38632],[103.76414,1.38624],[103.76402,1.38614],[103.76397,1.38609],[103.76387,1.38602],[103.76356,1.38582],[103.76331,1.38566],[103.76316,1.38554],[103.76305,1.38545],[103.76295,1.38535],[103.76282,1.3852],[103.76273,1.38509],[103.76264,1.38495],[103.76254,1.38477],[103.76242,1.38449],[103.76236,1.3843],[103.7623,1.38411],[103.76225,1.3839],[103.7622,1.38363],[103.76218,1.38356],[103.76218,1.38343],[103.76218,1.38337],[103.76218,1.38331],[103.76219,1.38325],[103.76221,1.38314],[103.76225,1.38299],[103.76229,1.3829],[103.76232,1.38283],[103.7624,1.38269],[103.76245,1.38257],[103.7625,1.38245],[103.76257,1.38233],[103.76279,1.38196],[103.76295,1.38166],[103.76306,1.38143],[103.76321,1.38111],[103.76326,1.38099],[103.7634,1.38065],[103.76363,1.38018],[103.76377,1.3799],[103.76407,1.37931],[103.76418,1.3791],[103.76426,1.37892],[103.76428,1.37888],[103.76429,1.37884],[103.76431,1.37877],[103.76432,1.3787],[103.76432,1.37864],[103.76431,1.37857],[103.76429,1.37849],[103.76427,1.37841],[103.76422,1.37834],[103.76419,1.3783],[103.76416,1.37826],[103.76411,1.37821],[103.76405,1.37817],[103.764,1.37814],[103.76393,1.37811],[103.76386,1.37809],[103.76323,1.37793]]]},"properties":{"ref":"BPLRT","name":"Bukit Panjang LRT","colour":"#748477","lrt":1,"building":0}},{"type":"Feature","geometry":{"type":"MultiLineString","coordinates":[[[103.896,1.39324],[103.89584,1.39287],[103.89551,1.39174],[103.89542,1.39148],[103.89519,1.3908],[103.89484,1.38992],[103.89457,1.38905],[103.89448,1.38876]],[[103.89448,1.38876],[103.89446,1.38857],[103.89443,1.38842],[103.89427,1.38798],[103.8941,1.38744],[103.89405,1.38729],[103.89396,1.38708],[103.89389,1.38696],[103.8938,1.38687],[103.89367,1.38677],[103.89351,1.38671]],[[103.89351,1.38671],[103.89339,1.38668],[103.89326,1.38667],[103.89295,1.38667],[103.89221,1.38658],[103.89159,1.38655],[103.89124,1.38655],[103.89105,1.38655],[103.89094,1.38656],[103.89052,1.38668],[103.88978,1.38689],[103.88956,1.38698],[103.88922,1.38719],[103.88831,1.38778],[103.88787,1.38806],[103.88747,1.38834],[103.88677,1.38877],[103.8862,1.38911],[103.8858,1.38936],[103.88546,1.38959],[103.88489,1.38998],[103.88396,1.39055],[103.88367,1.39074],[103.88338,1.39092],[103.88245,1.39151],[103.88218,1.39167],[103.88215,1.39168],[103.88183,1.39182],[103.88119,1.39203],[103.88095,1.39208],[103.88077,1.39209],[103.88001,1.39207],[103.87983,1.39207],[103.87962,1.39207],[103.87946,1.39205],[103.87926,1.39201],[103.87907,1.39194],[103.8776,1.39136],[103.87734,1.39127],[103.87719,1.39123],[103.87705,1.39123],[103.8769,1.39125],[103.87676,1.39131],[103.87666,1.39136],[103.87655,1.39147],[103.87647,1.39157],[103.87635,1.39177],[103.87627,1.3919],[103.87602,1.39227],[103.87584,1.39262],[103.87579,1.39278],[103.87577,1.39296],[103.87579,1.3934],[103.87587,1.39423],[103.87586,1.39456],[103.8758,1.39491],[103.87572,1.3952],[103.87558,1.39571],[103.87553,1.39594],[103.87552,1.39606],[103.87551,1.39618],[103.87551,1.39639],[103.87555,1.3969],[103.87559,1.39735],[103.87564,1.39796],[103.87566,1.39812],[103.87576,1.39837],[103.87588,1.39852],[103.87607,1.39863],[103.8763,1.39868],[103.87651,1.39867],[103.87853,1.39848],[103.87997,1.39835],[103.88078,1.39833],[103.88125,1.39828],[103.88191,1.39821],[103.88262,1.39808],[103.88264,1.39808],[103.88424,1.39788],[103.88434,1.39787],[103.88441,1.39786],[103.88504,1.39781],[103.8865,1.3976],[103.88699,1.39753],[103.88803,1.39738],[103.88878,1.39731],[103.88923,1.39725],[103.89002,1.39714],[103.89059,1.39704],[103.89153,1.39693],[103.89211,1.39682],[103.89283,1.39663],[103.89314,1.39655],[103.8934,1.39649],[103.8938,1.39636],[103.89403,1.39628],[103.89433,1.39618],[103.89529,1.3959],[103.89631,1.39566]],[[103.89631,1.39566],[103.89648,1.39561],[103.89661,1.39549],[103.89672,1.39535],[103.89678,1.39518],[103.89681,1.39504],[103.8968,1.39488],[103.89676,1.39473],[103.8966,1.39441],[103.8962,1.39358],[103.89612,1.39342],[103.896,1.39324]],[[103.89404,1.38753],[103.89441,1.38875],[103.89458,1.38927],[103.8948,1.38994],[103.8953,1.39151],[103.89539,1.39179],[103.89579,1.39285],[103.89581,1.3929],[103.89613,1.39362],[103.89635,1.39405],[103.89653,1.39441]],[[103.89653,1.39441],[103.8966,1.39463],[103.89665,1.39484],[103.89665,1.39501],[103.89662,1.39515],[103.89654,1.3953],[103.89644,1.39544],[103.89635,1.39551],[103.89626,1.39557],[103.89607,1.39562],[103.89526,1.39581],[103.89486,1.39591],[103.89429,1.3961]],[[103.89429,1.3961],[103.89399,1.39619],[103.89378,1.39626],[103.89378,1.39626],[103.89282,1.39659],[103.89211,1.39678],[103.89153,1.39689],[103.89059,1.397],[103.89001,1.39704],[103.88922,1.39715],[103.88878,1.39721],[103.88803,1.39734],[103.88649,1.39756],[103.88504,1.39776],[103.88441,1.39782],[103.88264,1.39803],[103.88125,1.39818],[103.87995,1.39831],[103.87853,1.39844],[103.87651,1.39863],[103.87631,1.39862],[103.8761,1.39856],[103.87595,1.39846],[103.87585,1.39833],[103.87575,1.39808],[103.87572,1.39793],[103.87567,1.39736],[103.87564,1.3969],[103.8756,1.39638],[103.87558,1.39617],[103.87558,1.39595],[103.87562,1.39573],[103.87576,1.39521],[103.87584,1.39491],[103.8759,1.39457],[103.87591,1.39423],[103.87582,1.39338],[103.8758,1.39295],[103.87583,1.39278],[103.87588,1.39262],[103.87605,1.39229],[103.8762,1.39209],[103.8763,1.39191],[103.87637,1.39179],[103.8765,1.39159],[103.87657,1.3915],[103.87668,1.39141],[103.87677,1.39135],[103.87691,1.39128],[103.87704,1.39126],[103.87718,1.39127],[103.87732,1.3913],[103.87758,1.39139],[103.87906,1.39197],[103.87944,1.39212],[103.87961,1.39216],[103.87982,1.39217],[103.88002,1.39217],[103.88037,1.39214],[103.88096,1.39214],[103.8812,1.39207],[103.88184,1.39186],[103.88216,1.39172],[103.88218,1.3917],[103.88246,1.39154],[103.88401,1.39056],[103.88421,1.39044],[103.88434,1.39036],[103.88491,1.39001],[103.8855,1.38967],[103.88585,1.38945],[103.88623,1.3892],[103.88679,1.38883],[103.8875,1.38839],[103.88794,1.38815],[103.88838,1.38789],[103.88928,1.38729],[103.88961,1.38709],[103.88982,1.38699],[103.89054,1.38677],[103.89096,1.38665],[103.89125,1.3866],[103.8916,1.3866],[103.8922,1.38662],[103.89288,1.3867],[103.89306,1.38671],[103.89331,1.38672],[103.89347,1.38674],[103.89362,1.38679],[103.89372,1.38688],[103.8938,1.387],[103.89386,1.38715],[103.89392,1.38734],[103.89404,1.38753]]]},"properties":{"ref":"SKLRT","name":"Sengkang LRT","colour":"#748477","lrt":1,"building":0}},{"type":"Feature","geometry":{"type":"MultiLineString","coordinates":[[[103.90231,1.40528],[103.90249,1.40561],[103.90278,1.40597],[103.90301,1.40639]],[[103.90301,1.40639],[103.90305,1.40655],[103.9031,1.40667],[103.90343,1.40726],[103.90358,1.40753],[103.90367,1.4077],[103.90377,1.40782],[103.90387,1.40792],[103.90396,1.40798],[103.90404,1.40803],[103.90415,1.40807],[103.90427,1.40808],[103.90434,1.40809],[103.90445,1.40807],[103.90454,1.40805],[103.90465,1.408],[103.90477,1.40793]],[[103.90477,1.40793],[103.90629,1.40686],[103.90751,1.40606],[103.90817,1.40561],[103.90865,1.40527],[103.90882,1.40516],[103.91049,1.40393],[103.91127,1.40335],[103.91168,1.40306],[103.91209,1.40277],[103.91276,1.40231],[103.91303,1.40213],[103.91327,1.40194],[103.91369,1.40162],[103.91522,1.40052],[103.91592,1.40003],[103.91654,1.39958],[103.91686,1.39935],[103.91728,1.39902],[103.91782,1.39863],[103.91795,1.3985],[103.91806,1.39837],[103.91815,1.39825],[103.91819,1.39814],[103.91822,1.39803],[103.91825,1.39792],[103.91825,1.3978],[103.91824,1.3977],[103.91822,1.39754],[103.91818,1.3974],[103.91805,1.39716],[103.91694,1.39561],[103.91655,1.39503],[103.9163,1.39465],[103.91619,1.3945],[103.91592,1.39414],[103.9157,1.39387],[103.91518,1.39316],[103.91511,1.39309],[103.91506,1.39303],[103.91496,1.39294],[103.91486,1.39287],[103.91469,1.39278],[103.9145,1.39274],[103.91432,1.39273],[103.91415,1.39275],[103.914,1.3928],[103.91378,1.39292],[103.91366,1.39301],[103.91324,1.39336],[103.91293,1.39358],[103.91263,1.39382],[103.91226,1.39413],[103.9109,1.39524],[103.91007,1.39591],[103.90886,1.39691],[103.90837,1.39731],[103.90801,1.39762],[103.90688,1.39856],[103.90625,1.39907],[103.90574,1.39943],[103.90524,1.39979],[103.90501,1.39995],[103.90383,1.40054],[103.9022,1.40136],[103.90185,1.40153],[103.90154,1.40168],[103.90132,1.40179]],[[103.90132,1.40179],[103.90116,1.40192],[103.90107,1.40203],[103.90101,1.40215],[103.90097,1.40227],[103.90096,1.4024],[103.90096,1.40251],[103.90099,1.40266],[103.90104,1.40277],[103.90167,1.40394]],[[103.90167,1.40394],[103.90191,1.40438],[103.90199,1.40458],[103.9021,1.40491],[103.90231,1.40528]],[[103.90251,1.40509],[103.90233,1.40477],[103.90211,1.4045],[103.902,1.40433],[103.90175,1.40392]],[[103.90175,1.40392],[103.90169,1.40369],[103.90165,1.40359],[103.90115,1.40269],[103.90089,1.4024],[103.90077,1.40228],[103.90062,1.40219],[103.90046,1.40214],[103.90034,1.40214],[103.90019,1.40215],[103.89999,1.40221],[103.89964,1.40234]],[[103.89964,1.40234],[103.89857,1.40273],[103.89771,1.40302],[103.89736,1.40314],[103.89716,1.40325],[103.89702,1.40338],[103.8969,1.40357],[103.89685,1.40376],[103.89684,1.40395],[103.89687,1.40412],[103.89721,1.40534],[103.89734,1.40575],[103.89743,1.40603],[103.89763,1.40651],[103.89793,1.40722],[103.89808,1.40762],[103.89854,1.40851],[103.89866,1.40875],[103.89901,1.40932],[103.89976,1.41073],[103.89992,1.41112],[103.90033,1.41191],[103.90048,1.41219],[103.90069,1.41253],[103.90078,1.41272],[103.90084,1.41284],[103.90152,1.41506],[103.90159,1.41524],[103.90165,1.41535],[103.90173,1.41546],[103.90215,1.41596],[103.90242,1.41626],[103.9026,1.41642],[103.90273,1.41651],[103.90341,1.41695],[103.90382,1.41718],[103.90406,1.41731],[103.9043,1.41741],[103.90457,1.41748],[103.90486,1.41751],[103.90506,1.4175],[103.90532,1.41745],[103.90554,1.41739],[103.90576,1.41731],[103.90601,1.41722],[103.90612,1.41716],[103.90623,1.41711]],[[103.90623,1.41711],[103.90641,1.41702],[103.90649,1.41699],[103.90668,1.41689],[103.9068,1.41682],[103.90706,1.4167],[103.90721,1.41658],[103.90741,1.41637],[103.90755,1.4162],[103.90767,1.41602],[103.90774,1.41584],[103.90777,1.41571],[103.90781,1.41549],[103.90781,1.41519],[103.90773,1.41492],[103.90759,1.41453],[103.90699,1.41344],[103.90669,1.41289],[103.90661,1.41274],[103.90639,1.41236],[103.90589,1.41144],[103.90503,1.40989],[103.90493,1.4097],[103.90461,1.40913],[103.90386,1.40777],[103.90343,1.40697]],[[103.90343,1.40697],[103.90284,1.4059],[103.90272,1.40547],[103.90251,1.40509]],[[103.90175,1.40392],[103.90112,1.40276],[103.90107,1.40266],[103.90104,1.40252],[103.90102,1.40241],[103.90103,1.40227],[103.90108,1.40215],[103.90112,1.40206],[103.90117,1.40199],[103.90125,1.40191],[103.90134,1.40184]],[[103.90134,1.40184],[103.90153,1.40173],[103.90187,1.40157],[103.90222,1.40139],[103.90385,1.40058],[103.90503,1.4],[103.90531,1.39984],[103.90565,1.39961],[103.9058,1.3995],[103.90645,1.39902],[103.90691,1.3986],[103.90804,1.39765],[103.90849,1.39732],[103.90891,1.39697],[103.90932,1.39663],[103.91096,1.39531],[103.91233,1.3942],[103.91269,1.3939],[103.91301,1.39364],[103.91327,1.39338],[103.9137,1.39302],[103.91381,1.39295],[103.914,1.39284],[103.91416,1.39279],[103.91431,1.39277],[103.91449,1.39277],[103.91468,1.39282],[103.91485,1.3929],[103.91495,1.39298],[103.91507,1.39309],[103.91516,1.3932],[103.91565,1.39389],[103.91586,1.39421],[103.91611,1.39456],[103.91649,1.3951],[103.91691,1.39563],[103.91802,1.39718],[103.9181,1.39733],[103.91816,1.39746],[103.91818,1.39753],[103.91821,1.39771],[103.91821,1.3978],[103.91821,1.39791],[103.91818,1.39801],[103.91815,1.39812],[103.91811,1.39822],[103.91804,1.39834],[103.91793,1.39847],[103.91779,1.39861],[103.91727,1.39898],[103.91681,1.39927],[103.91648,1.39951],[103.91587,1.39995],[103.91519,1.40049],[103.91349,1.40171],[103.91298,1.40205],[103.91271,1.40224],[103.91207,1.40269],[103.91166,1.40302],[103.91124,1.40333],[103.91045,1.40388],[103.90876,1.40507],[103.9086,1.4052],[103.90837,1.40537],[103.90813,1.40553],[103.90779,1.40579],[103.90749,1.40602],[103.90631,1.40678],[103.90581,1.40705],[103.90496,1.40746],[103.9048,1.40752],[103.90467,1.40755],[103.90449,1.40757],[103.90432,1.40756],[103.9042,1.40754],[103.90407,1.4075],[103.90396,1.40745],[103.90382,1.40736],[103.90369,1.40725],[103.90355,1.40711],[103.90343,1.40697]],[[103.90301,1.40639],[103.90398,1.40815],[103.90406,1.40835],[103.90412,1.4085],[103.90418,1.40864],[103.90442,1.40906],[103.90457,1.40923],[103.90485,1.40975],[103.90495,1.40993],[103.9061,1.412],[103.90621,1.4122],[103.90642,1.41257],[103.90653,1.41278],[103.90678,1.41324],[103.90752,1.41457],[103.90771,1.41495],[103.90777,1.41518],[103.90777,1.4155],[103.90775,1.41565],[103.90771,1.41581],[103.90764,1.41599],[103.90753,1.41617],[103.9074,1.41633],[103.90728,1.41644],[103.90714,1.41655],[103.90695,1.41665],[103.90664,1.41681],[103.90645,1.4169],[103.90575,1.41725],[103.90556,1.41734],[103.9053,1.41742],[103.90509,1.41746],[103.90485,1.41747],[103.90458,1.41744],[103.90432,1.41738],[103.90408,1.41728],[103.90383,1.41715],[103.90345,1.41692],[103.90284,1.41653],[103.90269,1.41641],[103.90245,1.41617],[103.90222,1.41589],[103.9018,1.41542],[103.9017,1.41529],[103.90163,1.41519],[103.90152,1.41495],[103.90087,1.41282],[103.90083,1.4127],[103.90073,1.41252],[103.90055,1.41214],[103.90041,1.41186],[103.9,1.41109],[103.89979,1.41071],[103.89904,1.40929],[103.89875,1.4087],[103.89862,1.40846],[103.89812,1.40754],[103.89795,1.40719],[103.89767,1.4065],[103.89752,1.40603],[103.89743,1.40569],[103.89731,1.4053],[103.89721,1.40495],[103.89696,1.40409],[103.89694,1.40394],[103.89695,1.40378],[103.89701,1.40362],[103.8971,1.40349],[103.89722,1.40336],[103.89741,1.40326],[103.89772,1.40316],[103.89862,1.40284],[103.89991,1.40241],[103.90006,1.40237],[103.90029,1.40235],[103.90049,1.40237],[103.90066,1.40245],[103.90084,1.40261],[103.90097,1.4028],[103.90151,1.40375],[103.90167,1.40394]]]},"properties":{"ref":"PGLRT","name":"Punggol LRT","colour":"#748477","lrt":1,"building":0}}]}